in,AwayTeam,HomeTeam,AwayOdds,HomeOdds,AwayScore,HomeScore
tEOKqchD,Chicago Bulls,Milwaukee Bucks,3.3,1.36,118,112
jq6B6KaQ,Minnesota Timberwolves,Dallas Mavericks,3.26,1.37,136,121
hhhw2v8s,New Orleans Pelicans,Los Angeles Lakers,4.55,1.22,98,110
lKon0Ixf,Oklahoma City Thunder,Los Angeles Clippers,3.75,1.29,117,112
fHlfbd76,Portland Trail Blazers,Denver Nuggets,1.26,4.06,132,116
xtvacGMC,Sacramento Kings,Utah Jazz,6.55,1.13,99,121
rJ238tVD,Detroit Pistons,Miami Heat,2.33,1.65,107,120
fcQCoJN0,Atlanta Hawks,Houston Rockets,1.33,3.49,124,95
2NPGpww7,Brooklyn Nets,Cleveland Cavaliers,1.09,8.11,123,109
rsojaxh0,Philadelphia 76ers,Orlando Magic,1.4,3.09,128,117
dM6770pK,Golden State Warriors,Memphis Grizzlies,1.62,2.4,113,101
GWx3dzxJ,San Antonio Spurs,Phoenix Suns,2.22,1.71,121,123
ATnr1bNm,New York Knicks,Boston Celtics,1.12,6.98,96,92
OzqJ2Bbh,Toronto Raptors,Indiana Pacers,2.98,1.42,113,125
2LfA4XTu,Washington Wizards,Charlotte Hornets,1.36,3.27,115,110
2aoYh1VQ,Milwaukee Bucks,Miami Heat,1.6,2.44,122,108
KvYalLwr,Minnesota Timberwolves,Boston Celtics,1.51,2.68,108,124
G6R8na8f,San Antonio Spurs,Phoenix Suns,5.69,1.16,103,140
6XiPfN0E,Brooklyn Nets,Chicago Bulls,1.14,6.2,105,91
O8nUgsGK,Indiana Pacers,Los Angeles Lakers,4.1,1.26,115,122
Ysx4mugl,New York Knicks,Charlotte Hornets,1.44,2.91,118,109
StgLe3o8,Golden State Warriors,New Orleans Pelicans,1.88,1.98,125,122
tCgE3iqn,Dallas Mavericks,Toronto Raptors,1.07,10.15,114,110
GhnzYag1,Houston Rockets,Los Angeles Clippers,3.58,1.32,122,115
Sj6hsOuj,Memphis Grizzlies,Sacramento Kings,1.62,2.38,107,106
Q3gNz29r,Detroit Pistons,Denver Nuggets,4.09,1.26,91,104
YTdVYuve,Oklahoma City Thunder,Utah Jazz,10.45,1.06,93,109
fwbRZLOl,Philadelphia 76ers,Orlando Magic,1.07,9.71,122,97
vTpTJZQR,Washington Wizards,Cleveland Cavaliers,1.23,4.41,120,105
E3O1yErd,Phoenix Suns,Portland Trail Blazers,1.76,2.14,118,117
SSDns4WE,Chicago Bulls,Toronto Raptors,1.19,5.05,114,102
6Dw1i83c,Memphis Grizzlies,Sacramento Kings,1.27,4.01,116,110
KtPcxfTk,Minnesota Timberwolves,Denver Nuggets,2.12,1.76,103,114
hWvJqxyG,Atlanta Hawks,Orlando Magic,1.11,7.45,116,93
M5qNrdjM,Miami Heat,Philadelphia 76ers,1.87,1.99,106,94
nNRiEaoi,New York Knicks,San Antonio Spurs,1.52,2.65,102,98
WGjAob63,Charlotte Hornets,Los Angeles Clippers,4.06,1.26,90,113
EutFpIL9,Indiana Pacers,Milwaukee Bucks,4.55,1.22,133,142
Ktm6nvic,Los Angeles Lakers,Houston Rockets,1.21,4.78,124,122
6waONfEd,Utah Jazz,Portland Trail Blazers,1.91,1.95,98,105
f3TMS986,Dallas Mavericks,New Orleans Pelicans,1.21,4.68,125,107
YornsqFH,Brooklyn Nets,San Antonio Spurs,1.51,2.68,128,116
AB5FPGqp,Cleveland Cavaliers,Boston Celtics,3.0,1.42,102,94
vPrrrPaB,Atlanta Hawks,Washington Wizards,1.36,3.29,120,116
46jVpRFh,Golden State Warriors,Phoenix Suns,2.62,1.53,122,116
QLvvq5p5,Los Angeles Lakers,New York Knicks,1.72,2.2,101,99
rckZqoVb,Sacramento Kings,Oklahoma City Thunder,1.23,4.47,122,106
AVySo70n,Milwaukee Bucks,Orlando Magic,1.06,10.68,114,102
6HBHR3FU,Chicago Bulls,Brooklyn Nets,2.63,1.53,107,115
hE7DSq0O,Indiana Pacers,Philadelphia 76ers,2.76,1.48,103,94
WvwOnmot,Memphis Grizzlies,Dallas Mavericks,2.35,1.64,133,104
OYFdWR0a,Boston Celtics,Miami Heat,2.03,1.84,121,129
Y5ErrpH8,Toronto Raptors,Los Angeles Clippers,8.04,1.1,96,115
AyHD0tHi,Charlotte Hornets,Denver Nuggets,3.0,1.42,112,117
K095U5VB,Detroit Pistons,Minnesota Timberwolves,3.46,1.34,100,119
IyDlYmWn,Golden State Warriors,Utah Jazz,2.08,1.8,119,116
UBGhX7og,Portland Trail Blazers,Houston Rockets,1.06,10.49,140,129
zDNqZTGt,San Antonio Spurs,Milwaukee Bucks,3.41,1.34,146,125
Y3yIwA8P,Memphis Grizzlies,New Orleans Pelicans,1.21,4.69,115,110
plrzFQVO,Atlanta Hawks,Washington Wizards,1.28,3.86,125,124
6cqWF6GI,Cleveland Cavaliers,Indiana Pacers,4.53,1.23,102,111
AVkNHSo6,Los Angeles Lakers,Phoenix Suns,3.21,1.38,123,110
OYgRGn1C,Sacramento Kings,Oklahoma City Thunder,1.23,4.48,126,98
G8jJI8Wa,Detroit Pistons,Chicago Bulls,4.51,1.23,96,108
IFyELAns,Charlotte Hornets,New Orleans Pelicans,1.66,2.31,110,112
d6zIKU1m,Cleveland Cavaliers,Dallas Mavericks,5.16,1.19,97,124
xIiFJlHg,Orlando Magic,Minnesota Timberwolves,3.56,1.32,96,128
0zknQjvQ,Los Angeles Clippers,New York Knicks,1.3,3.72,100,106
foInRdX1,Boston Celtics,Miami Heat,1.89,1.97,124,130
bB4m5k20,Denver Nuggets,Brooklyn Nets,2.36,1.64,119,125
6y8e3TWC,Golden State Warriors,Oklahoma City Thunder,1.09,8.32,136,97
pS6a2mnJ,Portland Trail Blazers,San Antonio Spurs,1.42,3.0,124,102
x23i49H6,Utah Jazz,Houston Rockets,1.05,11.37,124,116
fFFvqQ12,Toronto Raptors,Memphis Grizzlies,3.11,1.4,99,109
I1du7BXm,Indiana Pacers,Washington Wizards,2.53,1.56,132,133
GnFr6Vnf,Philadelphia 76ers,Detroit Pistons,1.23,4.47,118,104
4fG4DDfK,Phoenix Suns,New York Knicks,1.37,3.26,128,105
MVA9CX9Q,Portland Trail Blazers,Los Angeles Lakers,1.3,3.73,106,101
Ovcy8iIs,Sacramento Kings,San Antonio Spurs,2.6,1.54,104,113
Q3H0EguE,Utah Jazz,Denver Nuggets,1.57,2.51,127,120
C0TIkA2D,Dallas Mavericks,Cleveland Cavaliers,1.17,5.43,110,90
xry6hCIf,Charlotte Hornets,Orlando Magic,1.31,3.61,122,112
GYZ9iWX0,Miami Heat,Minnesota Timberwolves,1.3,3.75,121,112
bcPEjjm7,Milwaukee Bucks,Houston Rockets,1.04,13.05,141,133
zH1qpBws,Chicago Bulls,Boston Celtics,2.5,1.57,121,99
jRxbfYmr,Philadelphia 76ers,New Orleans Pelicans,1.14,6.38,109,107
dQKPCt49,Golden State Warriors,Oklahoma City Thunder,1.09,8.2,118,97
ATOTB0JF,Los Angeles Clippers,Los Angeles Lakers,1.27,4.05,118,94
OCMHE2Zd,Detroit Pistons,Memphis Grizzlies,4.5,1.23,111,97
23LLDMl3,Indiana Pacers,Atlanta Hawks,3.05,1.41,133,126
newZkJdd,Dallas Mavericks,Brooklyn Nets,2.25,1.68,113,109
hfN5zYc2,Toronto Raptors,Washington Wizards,2.11,1.78,129,131
rDHKpX5O,Charlotte Hornets,Chicago Bulls,2.54,1.56,99,120
vkladLJS,Denver Nuggets,New York Knicks,1.62,2.4,113,97
EsuRiuSq,Utah Jazz,San Antonio Spurs,1.38,3.22,126,94
Sp7w1q5c,Atlanta Hawks,Phoenix Suns,1.95,1.9,135,103
l0enaNZ9,Houston Rockets,Philadelphia 76ers,9.37,1.07,115,135
A9dr03K3,Indiana Pacers,Sacramento Kings,1.4,3.07,93,104
6LXnvbTt,Milwaukee Bucks,Washington Wizards,1.58,2.49,135,134
rN4975y5,Minnesota Timberwolves,Memphis Grizzlies,2.39,1.62,135,139
0vFiwtDj,Cleveland Cavaliers,Portland Trail Blazers,6.54,1.13,105,141
Es3Z1Pki,Orlando Magic,Boston Celtics,6.98,1.12,96,132
MmGmvMcp,Los Angeles Clippers,Toronto Raptors,1.15,6.0,105,100
f314l6Li,Miami Heat,Dallas Mavericks,1.93,1.92,113,127
Ox68mQzb,New Orleans Pelicans,Golden State Warriors,1.8,2.07,108,103
2T4Cnpj4,Oklahoma City Thunder,Sacramento Kings,2.78,1.48,99,103
GC20kn6o,Milwaukee Bucks,Brooklyn Nets,1.78,2.11,124,118
vFXkVrLT,Cleveland Cavaliers,Phoenix Suns,6.94,1.12,118,134
E7OHQ2Tp,Detroit Pistons,Charlotte Hornets,2.57,1.55,99,102
phYoWO5N,Los Angeles Lakers,Denver Nuggets,2.51,1.58,93,89
61ZsX4jH,Utah Jazz,San Antonio Spurs,1.31,3.61,110,99
AZuZYQL4,Chicago Bulls,Philadelphia 76ers,3.63,1.32,94,106
lQvwYpyB,Memphis Grizzlies,New York Knicks,1.58,2.5,104,118
GCtVZ66b,Atlanta Hawks,Portland Trail Blazers,1.74,2.17,123,114
29xRzmih,New Orleans Pelicans,Golden State Warriors,1.8,2.07,108,123
rFMu6p5p,Detroit Pistons,Orlando Magic,1.81,2.06,112,119
KpmMyTyn,Washington Wizards,Indiana Pacers,1.54,2.6,154,141
W8dTr2kT,Los Angeles Lakers,Toronto Raptors,1.21,4.78,114,121
GCKaKR6B,Charlotte Hornets,Miami Heat,2.81,1.46,111,121
UFO3JoMH,Dallas Mavericks,Sacramento Kings,1.36,3.31,99,111
CvE8I5yO,Houston Rockets,New York Knicks,5.37,1.17,97,122
jVCCHPjU,Oklahoma City Thunder,Phoenix Suns,9.25,1.07,120,123
tflIx9Mu,San Antonio Spurs,Philadelphia 76ers,5.12,1.19,111,113
MkLeL7i5,Boston Celtics,Portland Trail Blazers,1.98,1.88,119,129
raMiMmxa,Milwaukee Bucks,Brooklyn Nets,1.73,2.19,117,114
QNRnNTMh,Los Angeles Clippers,Denver Nuggets,1.46,2.83,104,110
hIcPqrzN,Utah Jazz,Toronto Raptors,1.37,3.28,106,102
nXSrO97n,Dallas Mavericks,Washington Wizards,1.53,2.62,125,124
phINZok1,Atlanta Hawks,Chicago Bulls,1.28,3.91,108,97
ERMRY547,Cleveland Cavaliers,Miami Heat,6.25,1.14,107,124
djnCtIND,Minnesota Timberwolves,New Orleans Pelicans,2.39,1.62,136,140
hATvPkht,Oklahoma City Thunder,Indiana Pacers,3.73,1.3,95,152
hILVXPJD,Orlando Magic,Memphis Grizzlies,6.38,1.13,112,111
61JJzSZf,Houston Rockets,Golden State Warriors,4.14,1.26,87,113
OxUEy8Kl,Charlotte Hornets,Detroit Pistons,1.3,3.74,107,94
AZPAxl5r,Los Angeles Lakers,Sacramento Kings,1.15,6.02,106,110
hfwqsUdR,Phoenix Suns,Utah Jazz,1.61,2.44,121,100
E3vurAsL,Chicago Bulls,Milwaukee Bucks,2.07,1.8,98,108
f1OwpWC8,Brooklyn Nets,Portland Trail Blazers,2.3,1.66,109,128
YiNsqjSE,Memphis Grizzlies,Orlando Magic,1.11,7.49,92,75
SfWiMSK1,Boston Celtics,San Antonio Spurs,1.52,2.65,143,140
tbzdLnz8,Cleveland Cavaliers,Washington Wizards,3.18,1.38,93,122
pWtmN85e,Philadelphia 76ers,Atlanta Hawks,1.32,3.55,126,104
bebLpOKG,Denver Nuggets,Toronto Raptors,1.52,2.63,121,111
phfHo45A,Oklahoma City Thunder,New Orleans Pelicans,4.5,1.23,95,109
x6wuPUzq,Houston Rockets,Milwaukee Bucks,8.24,1.09,143,136
6urqOljk,Minnesota Timberwolves,Golden State Warriors,2.52,1.56,126,114
hY18UjDL,Detroit Pistons,Dallas Mavericks,3.55,1.32,105,115
zciDTASR,Indiana Pacers,Brooklyn Nets,2.81,1.47,113,130
nya0WCr9,Phoenix Suns,Los Angeles Clippers,1.55,2.58,109,101
tbb4VWcF,Sacramento Kings,Utah Jazz,4.19,1.25,105,154
8p0dXhT2,Denver Nuggets,New Orleans Pelicans,1.59,2.45,114,112
WSGD89j2,Memphis Grizzlies,Portland Trail Blazers,1.81,2.05,109,130
hxI99kyd,Miami Heat,San Antonio Spurs,1.51,2.66,116,111
pCE1BB6q,Boston Celtics,Charlotte Hornets,1.4,3.07,120,111
bFI5AVLk,New York Knicks,Chicago Bulls,1.57,2.5,113,94
vVyZFibS,Washington Wizards,Los Angeles Lakers,1.96,1.89,116,107
viqTdCij,Cleveland Cavaliers,Orlando Magic,1.6,2.44,104,109
IsrXeW6d,Philadelphia 76ers,Atlanta Hawks,1.2,4.85,127,83
MFlOchxp,Golden State Warriors,Dallas Mavericks,1.59,2.45,103,133
K62d2YTS,Houston Rockets,Minnesota Timberwolves,2.15,1.74,107,114
0vwVGXrM,Toronto Raptors,Brooklyn Nets,2.66,1.5,103,116
pU7X7x0i,Boston Celtics,Oklahoma City Thunder,1.14,6.16,115,119
hfBu6GU3,Charlotte Hornets,Milwaukee Bucks,4.37,1.24,104,114
E9al4faG,Indiana Pacers,Portland Trail Blazers,2.89,1.45,112,133
ULPppZ7p,Sacramento Kings,Dallas Mavericks,3.14,1.39,113,106
bZ2D2sOB,Denver Nuggets,Memphis Grizzlies,1.6,2.43,120,96
nZ7XBo1P,Miami Heat,Chicago Bulls,1.44,2.94,102,110
W6q46POn,Minnesota Timberwolves,Utah Jazz,4.97,1.19,105,104
vXnC43ga,New Orleans Pelicans,Los Angeles Clippers,2.11,1.76,120,103
bJEkm2OO,New York Knicks,Phoenix Suns,2.22,1.7,110,118
63ORHDTF,Toronto Raptors,Cleveland Cavaliers,1.14,6.26,112,96
pd8ZjpPa,Detroit Pistons,Atlanta Hawks,2.5,1.57,100,86
vJ7wj4v6,Orlando Magic,Los Angeles Lakers,6.23,1.14,103,114
x4QtkOgC,Philadelphia 76ers,Oklahoma City Thunder,1.06,11.04,121,90
KSFolr9I,Washington Wizards,San Antonio Spurs,2.14,1.75,143,146
659ViQ9g,Golden State Warriors,Sacramento Kings,1.31,3.6,117,113
lUEQh6fm,Orlando Magic,Indiana Pacers,2.92,1.44,112,131
AwGMgnus,Atlanta Hawks,Milwaukee Bucks,2.88,1.45,111,104
xrkT0fKk,Washington Wizards,Cleveland Cavaliers,1.34,3.39,119,110
AgI8Qvas,Portland Trail Blazers,Memphis Grizzlies,1.63,2.36,113,120
xjo8zPvJ,Brooklyn Nets,Phoenix Suns,1.87,1.99,128,119
jZn0xoA6,Charlotte Hornets,Boston Celtics,3.77,1.29,125,104
UJbiv7uf,Denver Nuggets,Houston Rockets,1.08,9.2,129,116
GGfmumQm,Utah Jazz,Minnesota Timberwolves,1.11,7.04,96,101
MgeqtTAs,Dallas Mavericks,Los Angeles Lakers,1.79,2.09,108,93
Kp9Hp92Q,Miami Heat,Chicago Bulls,1.52,2.64,106,101
6s5dtred,New Orleans Pelicans,San Antonio Spurs,1.66,2.3,108,110
29ECokmK,Indiana Pacers,Detroit Pistons,1.54,2.57,115,109
OIF8nVXD,Milwaukee Bucks,Philadelphia 76ers,1.26,4.2,132,94
SCPNIgE9,New York Knicks,Toronto Raptors,1.95,1.89,120,103
AFRQNoeD,Golden State Warriors,Denver Nuggets,2.19,1.72,118,97
bk5aZZsC,Portland Trail Blazers,Memphis Grizzlies,1.56,2.53,128,130
xQZDQmBf,Charlotte Hornets,Cleveland Cavaliers,1.83,2.03,108,102
GGYHP7Q0,Houston Rockets,Los Angeles Clippers,4.77,1.21,104,109
buOMORu7,Oklahoma City Thunder,Washington Wizards,4.59,1.22,109,129
UaW5S9tr,Atlanta Hawks,Miami Heat,3.23,1.37,118,103
8jV9RTel,Brooklyn Nets,Boston Celtics,1.63,2.38,109,104
OIgwXkYQ,Dallas Mavericks,Los Angeles Lakers,1.66,2.31,115,110
AFkZXVIK,Chicago Bulls,Charlotte Hornets,1.83,2.04,108,91
GhjVYB3E,San Antonio Spurs,Detroit Pistons,1.32,3.59,106,91
C8XnCld1,Boston Celtics,Phoenix Suns,2.24,1.74,99,86
x2iRZil8,Milwaukee Bucks,Philadelphia 76ers,1.38,3.18,124,117
jaWjB8B7,Orlando Magic,New Orleans Pelicans,4.77,1.21,100,135
MJvzFjCr,Los Angeles Clippers,Memphis Grizzlies,2.54,1.55,117,105
4rUvEARl,Portland Trail Blazers,Denver Nuggets,2.06,1.81,105,106
IoYrDUte,Sacramento Kings,Minnesota Timberwolves,1.68,2.26,128,125
pfqiqunH,Dallas Mavericks,Detroit Pistons,1.16,5.62,127,117
pfH6WIsG,San Antonio Spurs,Miami Heat,2.04,1.83,87,107
GKC2XbS9,Houston Rockets,Utah Jazz,5.97,1.15,89,112
xUDbYvD3,New York Knicks,Atlanta Hawks,2.04,1.83,137,127
jyY3Ccjp,Cleveland Cavaliers,Chicago Bulls,2.11,1.77,121,105
URW7BH5j,Indiana Pacers,Oklahoma City Thunder,1.26,4.11,122,116
rVKkz1ri,Philadelphia 76ers,Phoenix Suns,2.24,1.7,113,116
plzJJZb3,Toronto Raptors,Brooklyn Nets,1.56,2.54,114,103
f5OgZKcc,Washington Wizards,Golden State Warriors,2.09,1.79,118,114
WjiXHJSM,Portland Trail Blazers,Los Angeles Clippers,2.75,1.49,112,113
AsjyHwrT,Sacramento Kings,Minnesota Timberwolves,1.64,2.35,120,134
2BaGL1Tc,Atlanta Hawks,Orlando Magic,1.12,6.89,112,96
OQmPJubA,New Orleans Pelicans,Brooklyn Nets,1.69,2.24,129,134
t2bKKLr4,New York Knicks,Charlotte Hornets,1.5,2.7,109,97
fo0CMsEi,Los Angeles Lakers,Utah Jazz,3.18,1.39,97,111
Gf18NNbo,Denver Nuggets,Memphis Grizzlies,1.31,3.6,139,137
OtnB5Sbl,Indiana Pacers,San Antonio Spurs,2.36,1.63,94,109
tvpdKiXN,Miami Heat,Houston Rockets,1.5,2.7,113,91
CMzSEVfo,Milwaukee Bucks,Phoenix Suns,1.7,2.24,127,128
z1q0JBnU,Washington Wizards,Oklahoma City Thunder,1.12,6.99,119,107
pCjmMD2B,Boston Celtics,Chicago Bulls,1.52,2.64,96,102
2mohLXHH,Philadelphia 76ers,Golden State Warriors,1.5,2.69,96,107
6LiqNgm5,Detroit Pistons,Cleveland Cavaliers,2.35,1.64,109,105
CbhuOZXb,Los Angeles Clippers,Minnesota Timberwolves,1.14,6.35,124,105
EDZyPFIh,Dallas Mavericks,Sacramento Kings,1.27,3.95,107,121
YJw4A2SP,Charlotte Hornets,Portland Trail Blazers,2.57,1.55,109,101
WlpXPe3n,Orlando Magic,Houston Rockets,1.97,1.88,110,114
WpWEKFqc,Toronto Raptors,Oklahoma City Thunder,1.46,2.84,112,106
hboTQylt,Miami Heat,Brooklyn Nets,2.74,1.49,109,107
2Z5J6Y2O,Atlanta Hawks,Indiana Pacers,1.77,2.11,129,117
tQ4N5hIU,New York Knicks,New Orleans Pelicans,2.03,1.83,122,112
KAGE7EmI,Phoenix Suns,San Antonio Spurs,1.13,6.51,85,111
67CA8fYB,Milwaukee Bucks,Memphis Grizzlies,1.27,3.98,115,128
CpD69zJ5,Boston Celtics,Golden State Warriors,1.68,2.26,119,114
YgE2AG3a,Chicago Bulls,Cleveland Cavaliers,1.68,2.27,106,96
hrc5Bdlg,Washington Wizards,Detroit Pistons,1.54,2.59,121,100
Eib1CxZn,Los Angeles Lakers,Utah Jazz,1.85,2.02,127,115
KUbcDIJt,Dallas Mavericks,New York Knicks,1.38,3.17,109,117
r97VHbBP,San Antonio Spurs,Portland Trail Blazers,1.84,2.02,106,107
bavmtEhi,Chicago Bulls,Memphis Grizzlies,2.43,1.6,115,126
2DUrfeJI,Houston Rockets,Denver Nuggets,4.24,1.25,99,128
t4TngFYO,Minnesota Timberwolves,Miami Heat,3.19,1.38,119,111
df04HUFj,Brooklyn Nets,Charlotte Hornets,1.12,6.74,130,115
trz8yj7M,Toronto Raptors,Orlando Magic,1.65,2.32,113,102
2wdVNWxN,Detroit Pistons,Oklahoma City Thunder,1.7,2.22,110,104
tUfZMjhT,Philadelphia 76ers,Los Angeles Clippers,1.55,2.57,106,103
b9s1IA0p,Washington Wizards,New Orleans Pelicans,2.29,1.67,117,115
p21QOCNG,Utah Jazz,Indiana Pacers,1.19,5.13,119,111
Cl3IQYh4,Los Angeles Lakers,Boston Celtics,3.51,1.33,113,121
6B2MPh8A,Phoenix Suns,Sacramento Kings,1.11,7.17,122,114
boaEREwb,Cleveland Cavaliers,Golden State Warriors,2.86,1.45,101,119
GM99SfOi,Atlanta Hawks,Milwaukee Bucks,2.54,1.56,109,120
APMN4iWp,Denver Nuggets,Miami Heat,1.49,2.74,123,106
xWA5Tz9o,Sacramento Kings,Washington Wizards,2.08,1.79,111,123
YaafMJ1I,Memphis Grizzlies,Dallas Mavericks,2.28,1.67,113,114
WAT3BcV9,Houston Rockets,Indiana Pacers,2.41,1.61,124,132
jyAkNanC,Oklahoma City Thunder,Golden State Warriors,6.98,1.12,109,147
4K7wQ12g,Chicago Bulls,Orlando Magic,1.2,4.81,106,115
nqDYQsmm,Detroit Pistons,Los Angeles Clippers,2.1,1.78,98,100
xY5oOuX5,New Orleans Pelicans,New York Knicks,1.76,2.13,106,116
SvW3xWiG,Toronto Raptors,San Antonio Spurs,2.85,1.45,117,112
jDR2W3PP,Charlotte Hornets,Cleveland Cavaliers,1.66,2.31,90,103
8hEURNXt,Philadelphia 76ers,Brooklyn Nets,1.25,4.16,123,117
rB6sPLHa,Minnesota Timberwolves,Milwaukee Bucks,5.05,1.19,105,130
xYqG80XI,Phoenix Suns,Miami Heat,1.6,2.43,106,86
vwObXqAJ,Portland Trail Blazers,Boston Celtics,1.87,1.98,115,116
bsoC9tIC,Utah Jazz,Oklahoma City Thunder,1.05,11.31,106,96
U7t8AM26,Charlotte Hornets,Los Angeles Lakers,2.01,1.85,93,101
jHs4B2m0,Indiana Pacers,Los Angeles Clippers,2.32,1.65,115,126
pGtawCxA,Toronto Raptors,Atlanta Hawks,1.84,2.02,103,108
h6XOK6QD,Minnesota Timberwolves,Brooklyn Nets,3.47,1.34,97,127
fkleDOIm,Golden State Warriors,Denver Nuggets,2.75,1.49,116,107
8hhaCrYg,Phoenix Suns,Houston Rockets,1.11,7.13,126,120
zTsNFrnF,Memphis Grizzlies,Chicago Bulls,1.77,2.12,101,90
bJ2PIpeQ,New Orleans Pelicans,Sacramento Kings,1.77,2.12,117,110
0SliE43s,Utah Jazz,Washington Wizards,1.16,5.69,121,125
v3qsdNmD,Orlando Magic,San Antonio Spurs,3.24,1.37,97,120
WdWSJQuK,Dallas Mavericks,Philadelphia 76ers,2.44,1.61,95,113
Qauwc3Y6,New York Knicks,Los Angeles Lakers,1.87,1.99,111,96
4piUbP3f,Los Angeles Clippers,Detroit Pistons,1.11,7.45,131,124
ryjYcqJ0,Portland Trail Blazers,Miami Heat,1.91,1.95,98,107
zBnQa5ll,Minnesota Timberwolves,Chicago Bulls,2.45,1.59,121,117
6PsevhN3,New York Knicks,Toronto Raptors,1.63,2.36,102,96
jwBg5RQQ,Dallas Mavericks,San Antonio Spurs,1.4,3.08,117,119
dKmM0oZs,Memphis Grizzlies,Indiana Pacers,1.61,2.42,125,132
pt8o7mdE,Cleveland Cavaliers,New Orleans Pelicans,4.38,1.24,109,116
v37k67BK,Orlando Magic,Milwaukee Bucks,4.21,1.25,87,124
6k9s8Tt8,Denver Nuggets,Boston Celtics,1.62,2.4,87,105
S4w1ayw8,Charlotte Hornets,Atlanta Hawks,1.71,2.2,101,105
tlyk2wgk,Golden State Warriors,Houston Rockets,1.34,3.41,125,109
fiug1c8e,Phoenix Suns,Washington Wizards,1.09,8.25,134,106
lEvc0HN1,Portland Trail Blazers,Detroit Pistons,1.14,6.28,118,103
AemyaYl2,Oklahoma City Thunder,Philadelphia 76ers,5.17,1.18,93,117
bPop3Jwq,Utah Jazz,Sacramento Kings,1.13,6.4,128,112
dGaI7aVR,Brooklyn Nets,Los Angeles Lakers,1.13,6.41,101,126
xjwiuY7c,Cleveland Cavaliers,Toronto Raptors,1.67,2.27,115,135
Aa1A9L0F,Golden State Warriors,Washington Wizards,1.54,2.6,107,110
lj0E8uGL,Los Angeles Clippers,Houston Rockets,1.15,6.0,126,109
SzC5A1o9,Denver Nuggets,San Antonio Spurs,1.37,3.24,121,119
EX71BsW2,Milwaukee Bucks,Charlotte Hornets,2.25,1.68,119,127
QBR6k09q,Atlanta Hawks,Chicago Bulls,1.7,2.22,120,108
0UJJnbg2,New Orleans Pelicans,Philadelphia 76ers,2.9,1.45,101,94
42QAlKOk,Boston Celtics,Minnesota Timberwolves,1.25,4.17,145,136
MwLFmvvd,New York Knicks,Memphis Grizzlies,2.05,1.82,133,129
YF3w7SvH,Orlando Magic,Indiana Pacers,3.06,1.41,106,111
h6eV8lA4,Los Angeles Clippers,Phoenix Suns,1.44,2.93,113,103
zVpz88PA,Sacramento Kings,Detroit Pistons,1.31,3.6,101,113
EFdR9Ufb,Utah Jazz,Portland Trail Blazers,1.45,2.85,122,103
pthNAAuh,Dallas Mavericks,Milwaukee Bucks,1.71,2.21,116,101
6kgJBjQo,Oklahoma City Thunder,Cleveland Cavaliers,2.49,1.58,102,129
4pFzm7mo,Miami Heat,Los Angeles Lakers,1.22,4.57,110,104
W4hC8AXI,Toronto Raptors,Chicago Bulls,2.49,1.58,113,122
SON8imuU,Phoenix Suns,Utah Jazz,2.18,1.73,117,113
Y1O4hTPN,Denver Nuggets,San Antonio Spurs,1.47,2.81,106,96
Ea83fkeB,Atlanta Hawks,Memphis Grizzlies,2.01,1.86,113,131
WEq5jdgp,Houston Rockets,Dallas Mavericks,5.18,1.18,102,93
fBP0g9AH,Oklahoma City Thunder,Charlotte Hornets,2.81,1.47,102,113
tnAedBQb,Boston Celtics,New York Knicks,1.64,2.34,101,99
z99aeVu5,Brooklyn Nets,New Orleans Pelicans,1.26,4.13,139,111
pKGnbXen,Indiana Pacers,Minnesota Timberwolves,2.03,1.84,141,137
Sr6iciBh,Orlando Magic,Washington Wizards,2.63,1.53,116,131
Ms1wjz4P,Golden State Warriors,Milwaukee Bucks,2.24,1.69,122,121
b3h5ofCt,Los Angeles Clippers,Portland Trail Blazers,1.4,3.11,133,116
MocXnmD4,Denver Nuggets,Detroit Pistons,1.13,6.57,134,119
tnOjSWBI,Miami Heat,Memphis Grizzlies,1.41,3.06,112,124
8KAqUhs6,Atlanta Hawks,New Orleans Pelicans,1.62,2.4,123,107
nB9mTCdC,Boston Celtics,Philadelphia 76ers,1.96,1.9,96,106
G4xZvAeO,Toronto Raptors,Los Angeles Lakers,2.01,1.85,101,110
QeLvVYRa,Indiana Pacers,Chicago Bulls,2.1,1.78,97,113
boy0xHZP,Houston Rockets,Phoenix Suns,8.37,1.09,130,133
6ilEEDsJ,Brooklyn Nets,New York Knicks,1.4,3.1,114,112
KfxdwcKJ,Dallas Mavericks,Utah Jazz,2.89,1.45,111,103
vuJSXzrs,Minnesota Timberwolves,Sacramento Kings,2.39,1.62,116,106
IVHWWfcm,Oklahoma City Thunder,Detroit Pistons,2.26,1.68,108,132
ChHzWECg,San Antonio Spurs,Cleveland Cavaliers,1.29,3.82,101,125
M5qQtWQB,Toronto Raptors,Washington Wizards,1.46,2.84,103,101
fHpAFgSC,Denver Nuggets,Orlando Magic,1.04,13.09,119,109
Che5GZC6,Houston Rockets,New Orleans Pelicans,2.22,1.71,115,122
Y1d1HFc0,Atlanta Hawks,Golden State Warriors,1.83,2.04,117,111
4SicIerf,Philadelphia 76ers,Memphis Grizzlies,1.62,2.4,100,116
rD3lKHDs,Boston Celtics,Charlotte Hornets,1.22,4.64,116,86
QyggJyTm,Los Angeles Clippers,Los Angeles Lakers,1.16,5.67,104,86
WzyLypqF,Chicago Bulls,Brooklyn Nets,2.12,1.76,115,107
bNxDw6E2,Portland Trail Blazers,Oklahoma City Thunder,1.11,7.18,133,85
xEyHxQT8,Sacramento Kings,Milwaukee Bucks,2.3,1.67,128,129
KvYXF2Me,San Antonio Spurs,Indiana Pacers,1.36,3.32,133,139
bVWyFMy2,Utah Jazz,Orlando Magic,1.07,10.06,137,91
6XicM4qS,Detroit Pistons,New York Knicks,2.15,1.75,81,125
CEUPHOiq,Miami Heat,Cleveland Cavaliers,1.11,7.09,115,101
QHYTGr7k,Philadelphia 76ers,Minnesota Timberwolves,1.09,8.19,122,113
StggNpUL,Washington Wizards,Dallas Mavericks,2.94,1.43,87,109
xh0tQnp3,Phoenix Suns,Oklahoma City Thunder,1.09,8.54,140,103
KGkoP6a9,Portland Trail Blazers,Milwaukee Bucks,2.31,1.66,109,127
b7lkOQEF,Sacramento Kings,Los Angeles Lakers,1.54,2.59,94,115
Q3ge2qhd,New Orleans Pelicans,Atlanta Hawks,2.03,1.83,103,126
v7swRSUd,Utah Jazz,Chicago Bulls,1.14,6.28,113,106
Uy0n45Nq,Indiana Pacers,Charlotte Hornets,1.51,2.69,97,114
nDfi3Pxj,Memphis Grizzlies,Minnesota Timberwolves,1.36,3.29,120,108
Y5EG9RaM,Boston Celtics,Houston Rockets,1.14,6.35,118,102
SSDK8oFS,New York Knicks,Dallas Mavericks,2.78,1.48,86,99
SrpMsCB5,Toronto Raptors,Golden State Warriors,1.51,2.7,130,77
K2ACA7pG,Los Angeles Clippers,Denver Nuggets,1.79,2.1,94,101
xvL7BmV9,San Antonio Spurs,Atlanta Hawks,1.86,1.99,129,134
jNMaD90c,Miami Heat,Golden State Warriors,1.69,2.24,116,109
bmM3CTF3,New Orleans Pelicans,Orlando Magic,1.47,2.77,110,115
CWNeEkoi,Brooklyn Nets,Charlotte Hornets,1.7,2.23,111,89
ARqDk68j,Cleveland Cavaliers,Philadelphia 76ers,4.69,1.21,94,114
lt3gBmxt,Detroit Pistons,Washington Wizards,1.95,1.9,120,91
vqgseSpT,Los Angeles Lakers,Milwaukee Bucks,3.9,1.28,97,112
dOu9jngp,Phoenix Suns,Chicago Bulls,1.29,3.81,121,116
0hfwd8VM,San Antonio Spurs,Sacramento Kings,1.71,2.2,120,106
4Q0UcU0A,Memphis Grizzlies,Utah Jazz,2.94,1.43,107,111
rHaYdlGG,Minnesota Timberwolves,New York Knicks,2.3,1.66,102,101
lhoIrhda,Oklahoma City Thunder,Toronto Raptors,3.54,1.32,113,103
bTcMajWc,Boston Celtics,Dallas Mavericks,1.9,1.96,108,113
A31QbAo4,Brooklyn Nets,Houston Rockets,1.1,7.89,120,108
xE9D1C1o,Detroit Pistons,Portland Trail Blazers,3.7,1.3,101,124
G48H0WGi,Indiana Pacers,Miami Heat,2.01,1.85,87,92
lbGVxTOp,Los Angeles Clippers,Orlando Magic,1.15,6.07,96,103
nDtOe8xg,Phoenix Suns,Atlanta Hawks,1.44,2.92,117,110
nkU3s9GT,Denver Nuggets,Philadelphia 76ers,1.47,2.81,104,95
4Qvark1N,Washington Wizards,Charlotte Hornets,2.59,1.54,104,114
jNzeqVoH,Los Angeles Clippers,Milwaukee Bucks,2.0,1.87,129,105
d0yipBWA,Golden State Warriors,Chicago Bulls,1.82,2.05,116,102
I9xmoiH4,Utah Jazz,Cleveland Cavaliers,1.05,12.14,114,75
Cd7nmDnh,San Antonio Spurs,Sacramento Kings,1.74,2.17,115,132
WGjDqYtg,Detroit Pistons,Toronto Raptors,2.78,1.47,118,104
4W3vkZHu,Houston Rockets,Memphis Grizzlies,3.85,1.28,110,120
IZ7rlgXo,Oklahoma City Thunder,Dallas Mavericks,6.09,1.14,106,127
faBQbkU6,Boston Celtics,New Orleans Pelicans,1.69,2.24,109,115
OYFUc9qD,Brooklyn Nets,Minnesota Timberwolves,1.16,5.6,112,107
2PEYdTbJ,New York Knicks,Miami Heat,2.34,1.64,88,98
G8CMaVE0,Washington Wizards,Indiana Pacers,3.4,1.34,132,124
YqNH0Baf,Los Angeles Lakers,Orlando Magic,1.35,3.33,96,93
M9JD1ipl,Denver Nuggets,Atlanta Hawks,1.51,2.66,126,102
hQi9pERn,Toronto Raptors,Portland Trail Blazers,2.17,1.73,117,122
SnK92XUs,Charlotte Hornets,Phoenix Suns,3.11,1.4,97,101
82ww8g7K,Los Angeles Clippers,Philadelphia 76ers,1.48,2.78,122,112
QwYs7DMQ,Sacramento Kings,Cleveland Cavaliers,1.25,4.24,100,98
25nmoWa7,New Orleans Pelicans,Dallas Mavericks,1.46,2.82,112,103
G8jipjFD,Oklahoma City Thunder,Boston Celtics,3.16,1.39,94,111
UBvZ8ZiE,Utah Jazz,Memphis Grizzlies,1.24,4.31,126,110
KtcrnCp1,San Antonio Spurs,Chicago Bulls,1.85,2.0,120,104
YPbzlYFl,Milwaukee Bucks,New York Knicks,2.15,1.74,96,102
tjbvmhVf,Minnesota Timberwolves,Houston Rockets,1.53,2.6,107,129
nTx5YhG1,Washington Wizards,Detroit Pistons,1.45,2.86,106,92
h6w1ZY0e,Los Angeles Lakers,Cleveland Cavaliers,1.56,2.52,100,86
fLKczFok,Golden State Warriors,Atlanta Hawks,3.28,1.36,108,124
CdVhyeWr,Utah Jazz,Memphis Grizzlies,1.18,5.16,117,114
AmqRuyOR,Dallas Mavericks,Indiana Pacers,2.03,1.83,94,109
6enAqJO2,Charlotte Hornets,Miami Heat,2.07,1.81,110,105
2NuJscgF,Minnesota Timberwolves,Houston Rockets,1.57,2.49,107,101
tEvNtH8L,New Orleans Pelicans,Denver Nuggets,2.18,1.72,108,113
KbjErwv9,Orlando Magic,Portland Trail Blazers,4.79,1.2,105,112
hhbSKZo2,Milwaukee Bucks,Boston Celtics,1.44,2.9,114,122
fZaWlE0r,Toronto Raptors,Phoenix Suns,2.38,1.63,100,104
E1aOLFWe,Detroit Pistons,Brooklyn Nets,3.22,1.37,111,113
faqNNy2q,Los Angeles Lakers,Philadelphia 76ers,3.01,1.42,101,109
YkrRMeHk,Sacramento Kings,Golden State Warriors,1.56,2.54,141,119
xKdeSHgS,San Antonio Spurs,Los Angeles Clippers,2.01,1.83,85,98
th3nUwPF,Miami Heat,Portland Trail Blazers,2.21,1.71,122,125
OGhiTcvM,New York Knicks,Washington Wizards,1.7,2.23,106,102
214rVJ99,Sacramento Kings,Atlanta Hawks,2.27,1.68,110,108
YRavWaf3,Utah Jazz,Brooklyn Nets,1.1,7.78,118,88
fy1zXuuc,San Antonio Spurs,Los Angeles Clippers,3.0,1.42,101,134
A9dGRp3H,Chicago Bulls,Cleveland Cavaliers,1.34,3.44,94,103
nZJqAIXq,Houston Rockets,Charlotte Hornets,2.47,1.58,97,122
tdJm9xmj,Minnesota Timberwolves,Dallas Mavericks,3.85,1.28,108,128
hWMi8d2d,Oklahoma City Thunder,Memphis Grizzlies,3.28,1.36,107,116
hY1BSQmB,Orlando Magic,Phoenix Suns,4.67,1.21,112,111
Es37T6Y4,Milwaukee Bucks,Boston Celtics,1.38,3.23,121,119
lhN3gfhR,Toronto Raptors,Denver Nuggets,2.05,1.81,135,111
KK33UnJb,Indiana Pacers,Detroit Pistons,1.32,3.58,116,111
OhAfW8ln,Golden State Warriors,Philadelphia 76ers,2.5,1.57,98,108
6HaaVS3h,Portland Trail Blazers,Brooklyn Nets,1.73,2.18,112,116
p2BjXlZu,Miami Heat,Phoenix Suns,2.09,1.79,100,110
8SKoC53U,New Orleans Pelicans,Los Angeles Lakers,1.44,2.89,128,111
UyMsDolO,New York Knicks,Washington Wizards,1.69,2.25,131,113
nDWxERYH,Orlando Magic,Denver Nuggets,3.61,1.31,99,110
Y9SYE7JB,Los Angeles Clippers,Atlanta Hawks,1.42,2.99,119,110
rLZLH9Zh,Chicago Bulls,Utah Jazz,4.62,1.22,95,120
zkJafzwL,Houston Rockets,Toronto Raptors,4.02,1.27,117,99
0dUQGTla,Memphis Grizzlies,Boston Celtics,1.55,2.57,132,126
vmTUFm45,Milwaukee Bucks,Indiana Pacers,1.37,3.25,140,113
4UzIIkKn,San Antonio Spurs,Charlotte Hornets,1.49,2.72,97,100
A7yEJV4t,Minnesota Timberwolves,Oklahoma City Thunder,1.5,2.7,103,112
zFpnOBdP,Cleveland Cavaliers,Sacramento Kings,2.52,1.56,105,119
fJ7a084I,Phoenix Suns,Los Angeles Lakers,1.19,5.03,111,94
Y963aSJO,Portland Trail Blazers,Dallas Mavericks,2.09,1.79,92,132
Qq3e1lkC,New York Knicks,Philadelphia 76ers,1.97,1.88,100,101
4UEn3AKa,Brooklyn Nets,Washington Wizards,1.25,4.17,113,106
tSJeeGNE,Cleveland Cavaliers,Toronto Raptors,3.46,1.33,116,105
ng4i2UZ5,Detroit Pistons,Chicago Bulls,2.33,1.65,86,100
2k85wRMO,Boston Celtics,Orlando Magic,1.25,4.17,112,96
d4Bv5Wkm,Denver Nuggets,New Orleans Pelicans,1.4,3.09,108,113
YHbml8H0,Houston Rockets,Oklahoma City Thunder,1.52,2.66,112,114
IDCz6Czs,Miami Heat,Indiana Pacers,1.63,2.38,106,109
Eq8FAhSP,Los Angeles Clippers,Charlotte Hornets,1.22,4.6,125,98
zg9BBYCJ,Milwaukee Bucks,San Antonio Spurs,1.13,6.43,120,113
MkLTnkzJ,Memphis Grizzlies,Golden State Warriors,1.39,3.16,111,103
8nHPmVKC,Philadelphia 76ers,Sacramento Kings,1.56,2.54,129,105
QNRKlB56,Los Angeles Lakers,Atlanta Hawks,1.59,2.45,94,99
IcOCjXzf,Phoenix Suns,Minnesota Timberwolves,1.15,5.81,113,101
nXSGkij0,Portland Trail Blazers,Dallas Mavericks,2.22,1.69,125,119
v7P8iDLm,Denver Nuggets,Chicago Bulls,1.34,3.42,131,127
zuUxcZcQ,Houston Rockets,Detroit Pistons,1.73,2.16,100,113
drz4hg6s,Memphis Grizzlies,Golden State Warriors,1.38,3.18,103,116
2RVUbeTD,Miami Heat,Indiana Pacers,1.56,2.55,110,137
tIUYcFrK,Orlando Magic,Brooklyn Nets,5.38,1.17,121,113
2yLidd88,Toronto Raptors,Utah Jazz,2.63,1.53,112,115
Q9nnzCjD,Boston Celtics,Sacramento Kings,1.35,3.34,96,107
dGLOqiLU,Cleveland Cavaliers,San Antonio Spurs,2.7,1.5,110,116
nJmryhy7,Los Angeles Lakers,Charlotte Hornets,1.33,3.48,116,105
vgpzwE6f,Phoenix Suns,Minnesota Timberwolves,1.16,5.82,119,123
hdlvxYL0,Portland Trail Blazers,New Orleans Pelicans,1.84,2.01,101,93
IwdRvzxr,Atlanta Hawks,Oklahoma City Thunder,1.3,3.72,116,93
dUfVwfil,New York Knicks,Orlando Magic,1.49,2.75,94,93
Ob91v77I,Washington Wizards,Utah Jazz,5.56,1.16,131,122
CvYcd27F,Dallas Mavericks,Los Angeles Clippers,2.16,1.75,105,89
YmZgcrh9,Denver Nuggets,Charlotte Hornets,1.38,3.18,129,104
jPqkbOx3,Memphis Grizzlies,Miami Heat,1.96,1.9,89,85
pShay1Vk,Cleveland Cavaliers,Boston Celtics,3.61,1.31,117,110
xMuoa4Nd,Houston Rockets,Golden State Warriors,5.76,1.16,94,108
OIi3zLpd,Chicago Bulls,San Antonio Spurs,1.81,2.05,99,106
QJy9XCV7,Detroit Pistons,Toronto Raptors,3.04,1.41,116,112
WKCOs3hM,Indiana Pacers,Brooklyn Nets,1.81,2.07,115,124
QsCStN7S,Philadelphia 76ers,Milwaukee Bucks,2.99,1.43,105,109
SjbfxsGq,Washington Wizards,Sacramento Kings,1.89,1.96,119,121
4j0APrFt,Los Angeles Lakers,Minnesota Timberwolves,1.29,3.77,137,121
SQxssBpE,Portland Trail Blazers,New Orleans Pelicans,1.79,2.09,125,124
GxWeJ7h7,Chicago Bulls,Oklahoma City Thunder,1.36,3.29,123,102
ENlaIR7D,Houston Rockets,Atlanta Hawks,4.16,1.25,107,119
fNsmLTNf,Miami Heat,Cleveland Cavaliers,1.16,5.55,113,98
YDtiKmw1,Philadelphia 76ers,New York Knicks,1.34,3.43,99,96
QmwqM98l,Boston Celtics,Utah Jazz,2.38,1.63,109,117
ncvuNkgr,Golden State Warriors,Los Angeles Lakers,2.04,1.82,97,128
SCc8SBVK,Denver Nuggets,Indiana Pacers,1.57,2.53,121,106
tG1CRVpR,Phoenix Suns,Memphis Grizzlies,1.32,3.54,122,99
Ykb4TiGE,Dallas Mavericks,Los Angeles Clippers,1.98,1.88,99,109
faa0UX08,Brooklyn Nets,New York Knicks,1.28,3.96,117,112
dz47keig,Detroit Pistons,San Antonio Spurs,2.03,1.83,99,109
GGfL6U81,Charlotte Hornets,Sacramento Kings,1.66,2.31,122,116
f7gP5lO7,Washington Wizards,Milwaukee Bucks,4.16,1.25,122,133
fugNMtaa,Chicago Bulls,Toronto Raptors,1.61,2.38,118,95
MgeH7Age,New Orleans Pelicans,Los Angeles Clippers,2.97,1.43,135,115
QR189WOr,Houston Rockets,Boston Celtics,5.83,1.15,107,134
8jiD8jvk,Minnesota Timberwolves,Portland Trail Blazers,2.74,1.49,114,112
OIFtECGR,Atlanta Hawks,Cleveland Cavaliers,1.46,2.85,100,82
fqBxFh1L,Orlando Magic,Miami Heat,3.55,1.32,97,102
GhCYFYoF,Philadelphia 76ers,San Antonio Spurs,1.52,2.64,134,99
YTMTGEW8,Golden State Warriors,Utah Jazz,3.55,1.32,131,119
MgJPHfH2,Oklahoma City Thunder,Memphis Grizzlies,3.99,1.27,128,122
8jVsgBv2,Denver Nuggets,Dallas Mavericks,1.87,1.99,103,116
4jYjKrLA,Phoenix Suns,Indiana Pacers,1.35,3.39,111,122
UaWwfiPe,Minnesota Timberwolves,Portland Trail Blazers,2.72,1.49,121,125
COyZfX9k,Atlanta Hawks,Sacramento Kings,1.57,2.49,121,106
Ghj30gnS,Brooklyn Nets,Detroit Pistons,1.15,5.97,100,95
0IgJNMqg,Charlotte Hornets,Toronto Raptors,1.73,2.18,114,104
YXxVeDfq,Washington Wizards,Milwaukee Bucks,7.59,1.1,119,125
2kna1ZWL,Oklahoma City Thunder,New York Knicks,2.56,1.55,97,119
KQdf2FHF,Los Angeles Lakers,Indiana Pacers,1.54,2.6,105,100
tzbj3e29,Utah Jazz,Houston Rockets,1.03,14.83,114,99
88pq5HXd,Chicago Bulls,Miami Heat,2.1,1.78,90,101
naqm4ym3,San Antonio Spurs,Orlando Magic,1.33,3.48,104,77
h02dsEuj,Memphis Grizzlies,Denver Nuggets,2.25,1.68,102,103
6360tYfd,New Orleans Pelicans,Cleveland Cavaliers,1.36,3.28,116,82
bw3hrfQq,Washington Wizards,Philadelphia 76ers,2.4,1.62,101,127
02NHldmG,Los Angeles Clippers,Golden State Warriors,1.35,3.41,130,104
vgMLmG2M,Portland Trail Blazers,Phoenix Suns,2.64,1.52,121,127
dUGQnzIS,Sacramento Kings,Houston Rockets,1.4,3.08,125,105
6uODkxY9,Oklahoma City Thunder,Dallas Mavericks,2.13,1.76,116,108
YkW0hvli,Chicago Bulls,Philadelphia 76ers,1.65,2.32,105,127
pzwJTfBj,Miami Heat,Orlando Magic,1.25,4.23,111,103
CtV4ib3c,Milwaukee Bucks,New York Knicks,1.16,5.66,134,101
f5K9jII3,New Orleans Pelicans,Minnesota Timberwolves,1.29,3.82,105,135
6qvFUzdp,Brooklyn Nets,Boston Celtics,1.72,2.19,121,109
MRfFO2Un,Toronto Raptors,Atlanta Hawks,2.33,1.64,120,121
QoQpn3RH,Charlotte Hornets,Detroit Pistons,1.54,2.59,105,102
CrMtmqCB,Dallas Mavericks,San Antonio Spurs,1.55,2.56,115,104
ILMxlPd5,Memphis Grizzlies,Washington Wizards,1.65,2.31,127,112
E9oaF9Hs,Team Durant,Team LeBron,2.54,1.56,150,170
jm8H5q6H,Phoenix Suns,Golden State Warriors,1.12,7.07,120,98
lMdiDYIm,Portland Trail Blazers,Sacramento Kings,1.54,2.61,123,119
YeiMIfeQ,San Antonio Spurs,Oklahoma City Thunder,1.35,3.39,102,107
facmEE3s,New Orleans Pelicans,Miami Heat,2.1,1.79,93,103
OQ9VeXmD,Indiana Pacers,Denver Nuggets,2.43,1.61,103,113
jX1HJztK,Memphis Grizzlies,Milwaukee Bucks,3.06,1.41,111,112
O8WtmGtr,New York Knicks,Detroit Pistons,1.35,3.35,114,104
AZgOFRvn,Boston Celtics,Toronto Raptors,1.29,3.87,132,125
Ct3DKGQD,Washington Wizards,Los Angeles Clippers,4.01,1.27,119,117
2BLMcgJ0,Portland Trail Blazers,Golden State Warriors,1.98,1.88,108,106
pzBRdDY6,Sacramento Kings,Los Angeles Lakers,1.59,2.47,123,120
l8HIbZ3f,Dallas Mavericks,Oklahoma City Thunder,1.5,2.71,87,78
GfJA0eZs,Minnesota Timberwolves,Charlotte Hornets,2.14,1.75,102,135
foIEaFll,New Orleans Pelicans,Chicago Bulls,1.42,2.99,124,128
vDGs7cdE,Orlando Magic,Atlanta Hawks,2.23,1.7,112,115
CQEk5yRQ,Houston Rockets,Brooklyn Nets,5.27,1.18,114,132
Q9Cw8ws8,Cleveland Cavaliers,Indiana Pacers,3.24,1.37,111,114
YZFo6HBK,Philadelphia 76ers,Utah Jazz,2.4,1.62,131,123
WreKG7Pu,Toronto Raptors,Detroit Pistons,1.32,3.58,105,129
Myncaow8,Los Angeles Lakers,Phoenix Suns,1.97,1.89,104,114
EBrk178e,Milwaukee Bucks,Denver Nuggets,1.31,3.64,97,128
romg0RN1,San Antonio Spurs,New York Knicks,2.07,1.81,119,93
hdft3Twq,Boston Celtics,Los Angeles Clippers,2.73,1.5,117,112
zLqo2mgk,Miami Heat,Atlanta Hawks,1.77,2.12,80,94
I33E79VR,Washington Wizards,Memphis Grizzlies,1.9,1.96,111,125
Ot4A8kGL,Portland Trail Blazers,Charlotte Hornets,1.3,3.74,123,111
lOBcBiW2,Houston Rockets,Cleveland Cavaliers,1.69,2.26,90,101
pj569V0F,San Antonio Spurs,Brooklyn Nets,2.51,1.58,113,124
zLNFn8g2,Chicago Bulls,Denver Nuggets,2.53,1.56,112,118
SEA1ABo9,New Orleans Pelicans,Utah Jazz,3.27,1.37,129,124
vgU6lUOk,Orlando Magic,Dallas Mavericks,3.32,1.36,124,130
MHJBmlvd,Philadelphia 76ers,Indiana Pacers,1.63,2.38,130,114
02V2kA9q,Sacramento Kings,Charlotte Hornets,1.62,2.4,126,127
4IUXfWoM,Minnesota Timberwolves,Phoenix Suns,5.26,1.18,99,118
zwwHbEnc,Detroit Pistons,New York Knicks,2.01,1.85,90,109
MguTeCWF,Houston Rockets,Memphis Grizzlies,2.43,1.6,84,133
r9Tyfj1S,Los Angeles Lakers,Golden State Warriors,1.7,2.24,117,91
ETyLcY13,Miami Heat,Atlanta Hawks,1.73,2.18,109,99
8jyPdhH9,Boston Celtics,Washington Wizards,1.38,3.18,111,110
bLgYZU9d,Milwaukee Bucks,Los Angeles Clippers,1.82,2.06,105,100
KUfUzBfj,Brooklyn Nets,Dallas Mavericks,1.94,1.92,98,115
Q9zpdLQb,San Antonio Spurs,New Orleans Pelicans,2.12,1.76,117,114
fquleut5,New York Knicks,Indiana Pacers,1.9,1.95,110,107
Q7eQyiup,Oklahoma City Thunder,Denver Nuggets,3.22,1.38,96,126
YZwhfaeB,Orlando Magic,Utah Jazz,4.65,1.21,109,124
nJytc1Bh,Philadelphia 76ers,Cleveland Cavaliers,1.15,5.88,109,112
GbTdgJAH,Washington Wizards,Minnesota Timberwolves,1.58,2.47,128,112
jirXbNtt,Golden State Warriors,Charlotte Hornets,1.4,3.11,130,121
4fnybsdn,Los Angeles Lakers,Portland Trail Blazers,1.5,2.73,102,93
fTjQu0tI,Chicago Bulls,Phoenix Suns,3.16,1.39,97,106
8ClEr2da,Detroit Pistons,Sacramento Kings,2.02,1.84,107,110
zu8NvKeO,Memphis Grizzlies,Los Angeles Clippers,3.56,1.32,99,119
GxhMttRB,Miami Heat,Utah Jazz,3.03,1.42,124,116
EV6RwvBU,Oklahoma City Thunder,Atlanta Hawks,2.77,1.48,118,109
MFhIsMB5,Boston Celtics,Indiana Pacers,1.72,2.2,118,112
I1l89jIC,Toronto Raptors,Houston Rockets,1.37,3.24,122,111
Qma9qrsg,Milwaukee Bucks,New Orleans Pelicans,1.3,3.72,129,125
nc05pORn,Denver Nuggets,Washington Wizards,1.29,3.82,110,112
INe1o4Ct,Memphis Grizzlies,Los Angeles Clippers,3.7,1.3,122,94
E9VjR0RO,Brooklyn Nets,Orlando Magic,1.25,4.14,129,92
GE9Zkp4P,New York Knicks,Sacramento Kings,1.86,2.0,140,121
GOCmStCI,Philadelphia 76ers,Dallas Mavericks,1.51,2.68,111,97
M1DqTMdC,Utah Jazz,Los Angeles Lakers,1.27,3.99,114,89
rBEuU2s6,Phoenix Suns,Charlotte Hornets,1.23,4.38,121,124
hMLSW4cm,Chicago Bulls,Minnesota Timberwolves,1.52,2.65,133,126
Ovk4AW26,Miami Heat,Toronto Raptors,1.79,2.1,116,108
nqLWVOCg,New Orleans Pelicans,Detroit Pistons,1.15,5.88,128,118
QZJzVrSa,Oklahoma City Thunder,San Antonio Spurs,1.95,1.89,102,99
YyudxRZP,Atlanta Hawks,Boston Celtics,2.01,1.85,127,112
vJHOXprs,Cleveland Cavaliers,Houston Rockets,2.72,1.49,112,96
fothw7KJ,Indiana Pacers,Golden State Warriors,1.75,2.16,107,111
llg6F3SC,Denver Nuggets,Portland Trail Blazers,1.41,3.06,111,106
SvhAENsJ,Los Angeles Clippers,Washington Wizards,1.13,6.39,135,116
6P31GqD6,Milwaukee Bucks,Minnesota Timberwolves,1.17,5.44,139,112
K81kJoTm,Brooklyn Nets,Sacramento Kings,1.42,3.01,127,118
hMacHPc0,Dallas Mavericks,Boston Celtics,2.16,1.75,110,107
ba0gI5rf,New York Knicks,Golden State Warriors,2.41,1.62,106,114
plj0BCm0,Toronto Raptors,Philadelphia 76ers,2.18,1.74,102,109
0OKIO75Q,Cleveland Cavaliers,Atlanta Hawks,3.68,1.31,112,111
2X6pKRDs,Orlando Magic,Detroit Pistons,1.57,2.53,93,105
61LEPmjK,Los Angeles Lakers,Washington Wizards,1.37,3.24,124,127
pdzK36T0,Oklahoma City Thunder,Miami Heat,3.3,1.36,94,108
hMwS1pbD,Phoenix Suns,Portland Trail Blazers,1.41,3.08,132,100
fRHAQTzE,Utah Jazz,Charlotte Hornets,1.12,7.03,132,110
EVvO2Qr7,Dallas Mavericks,Memphis Grizzlies,1.55,2.56,102,92
65yG4nEf,Houston Rockets,Chicago Bulls,1.94,1.91,100,120
IsKwOzFF,Milwaukee Bucks,Sacramento Kings,1.18,5.18,128,115
Awr768qr,Los Angeles Clippers,Brooklyn Nets,1.39,3.18,108,112
viLZOGa9,Atlanta Hawks,Denver Nuggets,2.22,1.71,123,115
CUlwQdp3,New York Knicks,Minnesota Timberwolves,1.65,2.32,103,99
YwjZQxVd,Orlando Magic,Detroit Pistons,1.64,2.34,105,96
SCeeChYg,Toronto Raptors,Philadelphia 76ers,2.32,1.66,110,103
Kz2i2ghd,Cleveland Cavaliers,Oklahoma City Thunder,2.25,1.69,101,117
6Xcm3Zxj,New Orleans Pelicans,Boston Celtics,2.16,1.75,120,115
MaMG8eFS,Portland Trail Blazers,Washington Wizards,1.53,2.61,111,118
KzQaCwG3,Chicago Bulls,Sacramento Kings,1.95,1.9,122,114
EZI8AHpG,Memphis Grizzlies,Phoenix Suns,3.16,1.39,97,128
hQHC9y0M,Los Angeles Lakers,Miami Heat,1.64,2.37,94,96
QDQeDJ0c,Charlotte Hornets,Golden State Warriors,2.15,1.75,102,100
A5r9kG8j,Los Angeles Clippers,Utah Jazz,1.95,1.91,116,112
rsXMiLi3,Minnesota Timberwolves,Toronto Raptors,2.26,1.68,81,86
I73UdbGG,Memphis Grizzlies,Detroit Pistons,1.54,2.61,109,95
0WhZeIVM,Milwaukee Bucks,Oklahoma City Thunder,1.16,5.6,98,85
EZdwexoT,New Orleans Pelicans,Phoenix Suns,2.39,1.62,114,132
vH4Qcv1A,Boston Celtics,Atlanta Hawks,1.52,2.65,121,109
Wj5MbKo4,Philadelphia 76ers,Chicago Bulls,1.39,3.13,112,105
G4tEPvNb,Cleveland Cavaliers,Denver Nuggets,4.28,1.24,103,120
h06Ia0Wc,Orlando Magic,Golden State Warriors,2.71,1.5,124,120
rVORxwPp,Los Angeles Lakers,Brooklyn Nets,1.7,2.26,98,109
dYC91M1o,Sacramento Kings,Miami Heat,1.91,1.95,110,118
4jYIh1xc,Milwaukee Bucks,Toronto Raptors,1.33,3.48,96,110
Oprera1N,Golden State Warriors,Miami Heat,1.83,2.04,120,112
tMx0sJGT,Los Angeles Clippers,Utah Jazz,3.21,1.39,96,114
0bTboznU,Memphis Grizzlies,Oklahoma City Thunder,1.36,3.3,122,113
jXqmpLWA,New Orleans Pelicans,Portland Trail Blazers,1.59,2.47,124,126
MgJlaVNE,Chicago Bulls,Detroit Pistons,1.69,2.25,105,102
hnRqo1H4,Minnesota Timberwolves,Indiana Pacers,2.82,1.46,128,134
2cYWm3Xo,Washington Wizards,Denver Nuggets,2.6,1.54,130,128
WWxymNnh,Boston Celtics,Atlanta Hawks,1.8,2.08,114,122
ANyuns2b,Philadelphia 76ers,Houston Rockets,1.26,4.12,118,113
O6ZSlqIu,Orlando Magic,New York Knicks,2.38,1.63,107,89
ljIGoDjI,Phoenix Suns,Brooklyn Nets,1.32,3.6,124,128
jc3BlF6a,Memphis Grizzlies,New Orleans Pelicans,2.02,1.84,113,144
jmpyUHad,Milwaukee Bucks,Toronto Raptors,1.43,2.99,113,124
Um2FmZL5,Minnesota Timberwolves,Los Angeles Lakers,3.12,1.39,104,112
AaJCngyC,Oklahoma City Thunder,Portland Trail Blazers,2.81,1.47,104,115
rXa3jyxm,Boston Celtics,Denver Nuggets,1.79,2.1,112,99
zTgmp0FD,Golden State Warriors,Cleveland Cavaliers,1.2,4.94,129,98
OrmV8qhE,Los Angeles Clippers,Miami Heat,2.62,1.54,125,118
08AbiHMt,Sacramento Kings,Brooklyn Nets,2.64,1.52,125,136
dxeqot07,Utah Jazz,Philadelphia 76ers,1.27,3.91,134,123
ED5vnMp1,New York Knicks,Atlanta Hawks,2.04,1.83,123,112
8G2WmrGl,Indiana Pacers,Chicago Bulls,1.52,2.66,112,120
2w2zm2Vf,Washington Wizards,Houston Rockets,1.81,2.06,131,119
GINieQNE,Denver Nuggets,Los Angeles Lakers,2.3,1.67,122,105
UP3SlO0r,Los Angeles Clippers,Cleveland Cavaliers,1.23,4.41,128,111
lWLag4hR,Sacramento Kings,Memphis Grizzlies,1.78,2.12,110,124
AuNefpwL,Phoenix Suns,Orlando Magic,1.14,6.17,109,90
2FJmd688,Oklahoma City Thunder,Milwaukee Bucks,6.73,1.12,114,109
SrScZr1e,Dallas Mavericks,Portland Trail Blazers,1.46,2.87,118,121
0Au5XMV7,Charlotte Hornets,San Antonio Spurs,2.47,1.59,110,122
vDtXUcpj,Toronto Raptors,Minnesota Timberwolves,1.29,3.79,112,116
2wbK5qRh,Detroit Pistons,New Orleans Pelicans,2.83,1.46,123,112
4KoclEge,Washington Wizards,Boston Celtics,3.38,1.35,104,91
lhTgzPok,Utah Jazz,Miami Heat,1.36,3.33,112,94
6Twky5Wr,Golden State Warriors,Brooklyn Nets,2.36,1.64,117,134
U7nNuoOR,New York Knicks,Houston Rockets,1.92,1.93,121,99
zomJtR8L,Atlanta Hawks,Indiana Pacers,2.02,1.84,113,125
dflFs7gF,Phoenix Suns,Philadelphia 76ers,1.86,2.0,120,111
nP6OKqn2,Los Angeles Lakers,Memphis Grizzlies,1.28,3.94,115,105
0Sf6qTO2,Portland Trail Blazers,Cleveland Cavaliers,1.59,2.46,129,110
vJgArmv9,Sacramento Kings,Orlando Magic,1.38,3.22,112,123
hQDFM5Hk,Denver Nuggets,Oklahoma City Thunder,1.12,6.7,97,95
zk3KLPWe,Utah Jazz,Milwaukee Bucks,1.74,2.18,129,115
MJt1Y2G1,Boston Celtics,Detroit Pistons,1.33,3.5,102,108
EZEBNo2q,Chicago Bulls,Los Angeles Clippers,3.6,1.32,106,125
riOuT7vM,Atlanta Hawks,San Antonio Spurs,1.73,2.18,114,125
MsNqSRgS,Dallas Mavericks,New Orleans Pelicans,1.69,2.27,143,130
nPUWUT99,Charlotte Hornets,Minnesota Timberwolves,1.71,2.21,120,114
0SYzUmPF,Washington Wizards,New York Knicks,2.36,1.64,91,109
EBWOWkuc,Golden State Warriors,Orlando Magic,1.24,4.31,111,105
h2VSV9f3,Portland Trail Blazers,Philadelphia 76ers,2.94,1.43,118,114
zTRq9nmj,Detroit Pistons,Indiana Pacers,2.44,1.6,95,111
dliSVwVq,Boston Celtics,Toronto Raptors,1.73,2.18,120,106
EJQm862d,Houston Rockets,Miami Heat,2.11,1.78,94,101
t6SuASXq,Los Angeles Lakers,Oklahoma City Thunder,1.12,6.85,114,113
4pyEE8PS,Phoenix Suns,Milwaukee Bucks,2.44,1.6,125,124
z5qcIjQ3,Chicago Bulls,New Orleans Pelicans,2.2,1.72,129,116
MLo9FlAM,Denver Nuggets,Cleveland Cavaliers,1.2,4.8,133,95
feykKCei,Brooklyn Nets,Indiana Pacers,2.01,1.85,104,94
Eer1HAuA,Memphis Grizzlies,Charlotte Hornets,1.7,2.23,130,114
rVn5GUfG,Minnesota Timberwolves,Los Angeles Clippers,4.26,1.25,112,119
htfhJWAc,Dallas Mavericks,Atlanta Hawks,1.61,2.41,118,117
fu50zKMS,Washington Wizards,Toronto Raptors,2.79,1.47,115,137
21l3d93p,Portland Trail Blazers,Orlando Magic,1.4,3.08,106,97
thm7eTIj,Sacramento Kings,Philadelphia 76ers,2.64,1.52,111,119
niVYDyZH,Utah Jazz,Boston Celtics,1.46,2.85,122,108
80WUEHJB,San Antonio Spurs,Golden State Warriors,2.04,1.83,91,114
0zTMGwka,Miami Heat,New York Knicks,1.42,3.01,98,96
EwXQFc45,New Orleans Pelicans,Houston Rockets,1.39,3.17,130,101
IBwIHJZh,Detroit Pistons,Brooklyn Nets,2.94,1.44,122,111
vLvEIaKn,Los Angeles Lakers,Oklahoma City Thunder,1.18,5.15,119,112
WfuAJu5t,Denver Nuggets,Milwaukee Bucks,2.17,1.75,112,125
UogrOLdP,Phoenix Suns,Cleveland Cavaliers,1.44,2.91,119,113
EwBe0I4I,Dallas Mavericks,Minnesota Timberwolves,1.2,4.82,127,122
StFaaxKO,San Antonio Spurs,Golden State Warriors,1.85,2.02,105,100
KGBi1bkC,Chicago Bulls,Washington Wizards,1.54,2.58,101,105
Q50dy07M,Memphis Grizzlies,Toronto Raptors,2.24,1.69,113,128
tQCm2vz6,Charlotte Hornets,Houston Rockets,2.05,1.82,119,94
OlIr3KKa,Los Angeles Clippers,Sacramento Kings,1.28,3.9,110,113
pbJv405g,Phoenix Suns,Boston Celtics,1.72,2.21,100,91
zDBXSC3r,Charlotte Hornets,Washington Wizards,2.0,1.86,119,97
v1GW5Mzs,Indiana Pacers,Utah Jazz,2.71,1.5,95,103
jyKz5tjm,New York Knicks,Miami Heat,2.84,1.46,103,109
fTv0BrDJ,Los Angeles Lakers,Detroit Pistons,1.08,9.0,135,129
xYg1jsyf,New Orleans Pelicans,Memphis Grizzlies,1.95,1.9,118,109
6DoInazJ,Dallas Mavericks,Golden State Warriors,1.56,2.56,134,132
nF1hxthG,Atlanta Hawks,Toronto Raptors,2.05,1.85,132,121
Wfg5k1j0,Cleveland Cavaliers,Milwaukee Bucks,5.19,1.18,99,124
pbc9lL56,Houston Rockets,San Antonio Spurs,1.86,2.0,106,111
SMnEmuLC,Oklahoma City Thunder,Minnesota Timberwolves,1.81,2.07,120,118
bseciNLm,Philadelphia 76ers,Brooklyn Nets,1.42,3.1,124,108
WKO0h36s,Orlando Magic,Chicago Bulls,2.02,1.84,92,118
UBxZdqbQ,Sacramento Kings,Denver Nuggets,2.12,1.78,119,114
zkwVcPrK,New York Knicks,Portland Trail Blazers,2.0,1.86,110,99
MoZQb5TD,Los Angeles Clippers,Boston Celtics,1.46,2.85,115,119
KterzMjD,Phoenix Suns,Detroit Pistons,1.29,3.85,109,92
MoDeqQTQ,Charlotte Hornets,Utah Jazz,3.82,1.29,121,138
CGizxrM0,Miami Heat,Washington Wizards,1.37,3.27,122,95
tjdvy2y7,Oklahoma City Thunder,Minnesota Timberwolves,2.17,1.74,103,106
4jCmwMxA,Brooklyn Nets,Toronto Raptors,1.45,2.89,117,123
YPhWxO6f,Cleveland Cavaliers,Milwaukee Bucks,5.53,1.17,105,123
vRaNvpxr,Indiana Pacers,New Orleans Pelicans,1.82,2.05,113,114
j13Rw4il,Orlando Magic,Chicago Bulls,2.15,1.75,123,119
reEip6EK,Los Angeles Lakers,Denver Nuggets,1.52,2.66,114,93
QJJnonaE,Memphis Grizzlies,Houston Rockets,1.61,2.42,103,115
KMSdOOi1,Philadelphia 76ers,Portland Trail Blazers,1.2,4.93,105,121
YPW0Nr77,Atlanta Hawks,Utah Jazz,4.88,1.2,91,112
nTKrnSq8,Dallas Mavericks,Golden State Warriors,1.57,2.52,116,147
xbwhP4xe,Sacramento Kings,Boston Celtics,1.88,1.97,116,111
b7vlQpNl,New Orleans Pelicans,Phoenix Suns,2.25,1.7,123,101
jsupRQ7r,San Antonio Spurs,Minnesota Timberwolves,1.32,3.56,111,108
WhSBqZN9,Chicago Bulls,New York Knicks,1.84,2.02,103,107
6ifJwqzi,Cleveland Cavaliers,Los Angeles Clippers,4.27,1.24,99,121
IkO7pF83,Miami Heat,Washington Wizards,1.24,4.32,100,103
EHHGrgwG,Oklahoma City Thunder,Houston Rockets,3.22,1.38,104,87
OSO3oegc,Atlanta Hawks,Dallas Mavericks,2.1,1.79,116,122
S0eFvPKp,Charlotte Hornets,Philadelphia 76ers,3.43,1.34,111,118
pxQanyvi,Milwaukee Bucks,Indiana Pacers,1.24,4.26,130,110
AL8mq5CT,Golden State Warriors,Boston Celtics,2.21,1.71,107,111
CzjppocN,Utah Jazz,Detroit Pistons,1.12,6.83,117,105
jL1yn7SA,Indiana Pacers,Memphis Grizzlies,1.54,2.59,134,116
SQddje07,Washington Wizards,Portland Trail Blazers,1.67,2.28,121,132
UB0uoRsH,Brooklyn Nets,Los Angeles Clippers,2.06,1.82,124,120
jm8qv2N3,Orlando Magic,Toronto Raptors,3.11,1.4,108,123
0W8Ol9rh,Dallas Mavericks,Phoenix Suns,1.76,2.13,108,109
rebTmTcb,San Antonio Spurs,Memphis Grizzlies,1.58,2.48,102,133
j5DDWRSN,Chicago Bulls,New York Knicks,1.61,2.41,110,102
4lB1ZTr5,Cleveland Cavaliers,Minnesota Timberwolves,1.63,2.37,100,98
WGUAVorU,Milwaukee Bucks,Portland Trail Blazers,1.2,4.96,134,106
YPGxR5jo,New Orleans Pelicans,Sacramento Kings,1.72,2.19,109,118
nT4KkkTo,Oklahoma City Thunder,Houston Rockets,2.72,1.5,106,136
IiF5YmbB,Atlanta Hawks,Los Angeles Lakers,3.35,1.35,99,107
CEE9X7DH,Miami Heat,Charlotte Hornets,1.32,3.58,121,129
MPLdzATb,Minnesota Timberwolves,Cleveland Cavaliers,2.39,1.63,109,104
z9JpwCqt,Indiana Pacers,Philadelphia 76ers,1.69,2.26,110,119
dQ8uur8c,Toronto Raptors,Orlando Magic,1.45,2.89,115,102
rZMhyjEh,Washington Wizards,Brooklyn Nets,3.15,1.39,149,146
AohvISDU,Denver Nuggets,Utah Jazz,2.3,1.66,128,117
EaIlxWbn,New York Knicks,Los Angeles Clippers,4.57,1.22,115,129
bBlzJ8bO,Golden State Warriors,Detroit Pistons,1.46,2.82,118,91
QcjSKUTB,Dallas Mavericks,Phoenix Suns,1.88,1.97,105,111
8MeNLAE5,Boston Celtics,Los Angeles Lakers,2.41,1.62,95,96
4lkWJlqI,San Antonio Spurs,Memphis Grizzlies,1.62,2.39,112,129
M5gBOCUn,Charlotte Hornets,Milwaukee Bucks,4.42,1.23,126,114
vs46PhFt,Chicago Bulls,Portland Trail Blazers,1.8,2.07,122,123
UVdJMjaa,Miami Heat,Sacramento Kings,1.39,3.15,105,104
z9cFNWqg,New Orleans Pelicans,Houston Rockets,1.78,2.12,112,126
xYHvUY6P,Utah Jazz,Dallas Mavericks,1.6,2.46,120,101
OGEc5kUO,San Antonio Spurs,Denver Nuggets,2.5,1.57,119,109
21Ql7BaC,Minnesota Timberwolves,Philadelphia 76ers,4.35,1.24,94,118
pQFg6VEI,Oklahoma City Thunder,Brooklyn Nets,3.26,1.37,125,147
b9TXAg0m,Orlando Magic,Los Angeles Clippers,3.46,1.34,90,116
lbMp8ip6,New Orleans Pelicans,Milwaukee Bucks,3.28,1.36,131,126
fyNt9XUa,New York Knicks,Cleveland Cavaliers,1.83,2.04,102,81
IZ9ytOhi,Toronto Raptors,Sacramento Kings,1.56,2.55,124,126
KIUTBZps,Charlotte Hornets,Indiana Pacers,2.42,1.61,108,105
GpOxADFg,Washington Wizards,Atlanta Hawks,2.38,1.63,100,116
Gn3dUs18,Phoenix Suns,Golden State Warriors,1.8,2.08,114,93
ziQ96v91,Detroit Pistons,Los Angeles Lakers,3.6,1.32,107,92
EsPD5bO7,Miami Heat,Los Angeles Clippers,1.76,2.14,105,109
SM60T1GE,Houston Rockets,Portland Trail Blazers,1.54,2.59,104,101
6HL57Kge,Golden State Warriors,Minnesota Timberwolves,1.25,4.23,123,111
EJtRE21L,New Orleans Pelicans,Washington Wizards,1.29,3.81,124,106
p2Xd9tPr,Phoenix Suns,Oklahoma City Thunder,1.29,3.77,97,102
SQM180vk,Utah Jazz,Dallas Mavericks,1.78,2.1,116,104
8ttVDMGR,San Antonio Spurs,Boston Celtics,2.58,1.55,110,106
2NwvgLv2,Atlanta Hawks,Brooklyn Nets,2.9,1.44,128,132
GQRLH4H2,Miami Heat,Denver Nuggets,3.02,1.42,82,109
fHQPGOW8,Philadelphia 76ers,Los Angeles Lakers,2.58,1.55,107,106
WWl1HvGj,Toronto Raptors,Milwaukee Bucks,3.16,1.39,108,115
S4oReNfq,Charlotte Hornets,Indiana Pacers,2.26,1.69,106,116
6epVfsAk,Cleveland Cavaliers,Detroit Pistons,1.78,2.1,122,107
lKZZg1Pe,Orlando Magic,Sacramento Kings,1.85,2.02,107,121
zDga03nS,Utah Jazz,New York Knicks,1.16,5.79,108,94
dMfe1qXL,Houston Rockets,Washington Wizards,1.64,2.36,107,88
Ec5j2PHF,Atlanta Hawks,Los Angeles Clippers,1.45,2.87,108,99
Mkmq4om3,Golden State Warriors,Minnesota Timberwolves,1.26,4.11,130,108
GCnm3529,Portland Trail Blazers,Oklahoma City Thunder,1.5,2.7,122,125
YT6lr4Qq,Chicago Bulls,Boston Celtics,2.45,1.59,103,119
ralu5RXd,Dallas Mavericks,Denver Nuggets,2.15,1.75,113,117
d8FMnpIS,Cleveland Cavaliers,Los Angeles Lakers,6.61,1.13,108,115
EqQHmQ2M,Brooklyn Nets,Miami Heat,1.31,3.62,98,85
SSR9knY9,Detroit Pistons,Philadelphia 76ers,2.73,1.49,119,104
htjcIK0p,Indiana Pacers,Toronto Raptors,1.75,2.14,129,114
zgRDl6mG,Orlando Magic,Charlotte Hornets,1.88,1.98,117,108
lxT5jSI3,Portland Trail Blazers,New York Knicks,1.59,2.47,116,113
hAZdhlli,Milwaukee Bucks,Atlanta Hawks,1.13,6.71,129,115
v7oFT4Bj,San Antonio Spurs,Washington Wizards,1.43,2.96,121,101
tW5vz7YM,Boston Celtics,Cleveland Cavaliers,1.41,3.05,141,103
0GnBUpdp,Orlando Magic,Charlotte Hornets,2.1,1.78,104,107
KM4rZQmT,Los Angeles Clippers,Oklahoma City Thunder,1.1,7.62,108,100
z13VM0hT,Indiana Pacers,Toronto Raptors,1.55,2.58,102,107
EJENwkZc,Chicago Bulls,Los Angeles Lakers,4.91,1.2,90,101
zZ2WyT3A,Dallas Mavericks,Houston Rockets,1.34,3.44,108,133
n96zymJG,Phoenix Suns,Denver Nuggets,2.2,1.72,112,120
4lXWGRRp,Utah Jazz,Golden State Warriors,1.35,3.4,127,108
ppAJvVJi,Brooklyn Nets,Miami Heat,1.31,3.66,128,124
6gBFuB4o,Detroit Pistons,Philadelphia 76ers,3.91,1.28,110,114
hADRx9l4,Minnesota Timberwolves,New Orleans Pelicans,4.01,1.27,120,110
Kb6ezGS5,Los Angeles Clippers,Oklahoma City Thunder,1.09,8.23,120,106
hxzaydDa,Phoenix Suns,Denver Nuggets,1.89,1.98,126,130
hC43YgcI,Sacramento Kings,New York Knicks,1.62,2.4,103,94
Eoyexxbg,San Antonio Spurs,Dallas Mavericks,2.1,1.78,117,122
KOyiwIrm,Minnesota Timberwolves,Atlanta Hawks,3.05,1.41,98,116
MmdGqK5J,Cleveland Cavaliers,Brooklyn Nets,3.21,1.38,125,113
0veKrvLP,Philadelphia 76ers,Boston Celtics,1.53,2.63,122,110
McaRNtwN,Toronto Raptors,Miami Heat,1.74,2.16,101,81
CIEPMdb6,Charlotte Hornets,Chicago Bulls,1.66,2.3,110,123
fs4ULGDC,Detroit Pistons,Houston Rockets,1.69,2.26,102,103
YX2YKzTI,Indiana Pacers,Orlando Magic,1.51,2.67,120,118
0rBLNxq0,Golden State Warriors,New York Knicks,1.49,2.75,104,119
6LBHOITg,Utah Jazz,New Orleans Pelicans,1.36,3.33,129,118
SUCDPbEm,Milwaukee Bucks,Los Angeles Lakers,1.87,2.01,106,113
ENWxW0yK,Golden State Warriors,San Antonio Spurs,1.86,2.0,121,99
8pWtVKjQ,Los Angeles Clippers,Sacramento Kings,1.15,5.81,115,96
0KSYWtMD,Houston Rockets,Phoenix Suns,2.95,1.43,103,109
dn2hOlID,Minnesota Timberwolves,Orlando Magic,2.49,1.58,96,97
Ie3lPU27,Atlanta Hawks,Detroit Pistons,1.54,2.58,123,115
vZ9MOMNG,Toronto Raptors,Miami Heat,1.55,2.56,102,111
lGFySWIl,Cleveland Cavaliers,Brooklyn Nets,5.45,1.17,147,135
Wv5tRjYf,Indiana Pacers,Dallas Mavericks,2.19,1.73,112,124
AV3pQAm1,Philadelphia 76ers,Boston Celtics,1.52,2.64,117,109
vsQ1YYuL,Denver Nuggets,Oklahoma City Thunder,1.2,4.91,119,101
IXO5XheR,Utah Jazz,New Orleans Pelicans,1.39,3.17,118,102
M5VdZEQE,Los Angeles Lakers,Golden State Warriors,1.24,4.3,113,115
rFWhzeB8,Chicago Bulls,Houston Rockets,2.09,1.78,125,120
AByaEDlk,Miami Heat,Detroit Pistons,1.42,2.99,113,107
UBrBBBY7,Brooklyn Nets,Milwaukee Bucks,2.48,1.58,125,123
0rBIP28A,Toronto Raptors,Dallas Mavericks,1.62,2.39,116,93
WQP7CiJ1,Memphis Grizzlies,Phoenix Suns,2.83,1.46,108,104
l2z3DX3e,Portland Trail Blazers,San Antonio Spurs,2.03,1.83,104,125
txXfFgZr,Atlanta Hawks,Minnesota Timberwolves,1.33,3.44,108,97
d4eOKFBL,New York Knicks,Orlando Magic,2.11,1.77,91,84
r1iKLedF,Los Angeles Clippers,Indiana Pacers,1.29,3.78,129,96
lvhGMys9,Sacramento Kings,New Orleans Pelicans,2.21,1.71,123,128
AmgCNHR2,Denver Nuggets,Utah Jazz,2.03,1.84,105,109
W4lXaEZe,Dallas Mavericks,Chicago Bulls,1.37,3.22,101,117
OvoP1z5q,Boston Celtics,New York Knicks,1.33,3.51,75,105
rsXfJ2zH,Portland Trail Blazers,Atlanta Hawks,1.52,2.63,112,106
zHTnLO54,Memphis Grizzlies,Philadelphia 76ers,1.8,2.07,106,104
dQUrM4jb,Miami Heat,Detroit Pistons,1.45,2.84,100,120
W86EQrg4,Toronto Raptors,Charlotte Hornets,1.38,3.21,116,113
E1uvNpyh,Brooklyn Nets,Orlando Magic,1.23,4.46,122,115
2RyzOQLo,San Antonio Spurs,Houston Rockets,1.34,3.39,103,91
nF1Q3NzU,Los Angeles Lakers,New Orleans Pelicans,1.24,4.37,112,95
lOmhasqo,Sacramento Kings,Los Angeles Clippers,3.3,1.36,100,138
Uw7L43LN,Utah Jazz,Atlanta Hawks,1.4,3.08,116,92
dQ8D6PjB,Oklahoma City Thunder,Chicago Bulls,2.16,1.74,127,125
SW1cA7in,Boston Celtics,Orlando Magic,1.57,2.5,124,97
M7G09R6h,Cleveland Cavaliers,New York Knicks,2.13,1.76,106,103
0bF48oMb,Milwaukee Bucks,Dallas Mavericks,1.32,3.55,112,109
AFXripiO,Denver Nuggets,Golden State Warriors,1.53,2.62,114,104
OIymj46U,Portland Trail Blazers,Indiana Pacers,1.68,2.26,87,111
GhYvhQyI,San Antonio Spurs,Houston Rockets,1.34,3.37,105,109
hI7AROwb,Toronto Raptors,Charlotte Hornets,1.22,4.57,111,108
x2Zzg6MB,Philadelphia 76ers,Miami Heat,1.27,3.95,125,108
tztSfSia,Los Angeles Clippers,New Orleans Pelicans,1.18,5.18,111,106
KQvWgn75,Sacramento Kings,Portland Trail Blazers,2.67,1.51,126,132
hEmFcU7t,Minnesota Timberwolves,Memphis Grizzlies,1.75,2.15,107,118
zwwKdlNn,Oklahoma City Thunder,Los Angeles Lakers,5.26,1.18,99,128
j51m2AaP,New York Knicks,Brooklyn Nets,2.28,1.67,109,116
SWFhtTx6,Charlotte Hornets,Dallas Mavericks,2.25,1.68,93,104
tzKdumhC,Detroit Pistons,Milwaukee Bucks,5.32,1.18,101,110
Y9Gls9Na,Golden State Warriors,Indiana Pacers,1.64,2.36,95,104
E70mqVhm,Houston Rockets,Los Angeles Lakers,2.61,1.53,100,117
fJHprk8g,Oklahoma City Thunder,San Antonio Spurs,2.11,1.77,102,112
4YADkXFJ,Brooklyn Nets,Denver Nuggets,1.81,2.05,122,116
IyFHliVP,Cleveland Cavaliers,Utah Jazz,7.09,1.11,87,117
2TWUQmwJ,Philadelphia 76ers,Miami Heat,1.27,3.93,137,134
AgI5S4Oi,Portland Trail Blazers,Toronto Raptors,1.53,2.61,112,111
OxYQRTNC,Sacramento Kings,Indiana Pacers,2.47,1.58,127,122
GCUITkg0,Atlanta Hawks,Philadelphia 76ers,1.43,2.94,112,94
4GawlKvF,Charlotte Hornets,New York Knicks,1.52,2.64,109,88
ttN6Wi9s,Cleveland Cavaliers,Memphis Grizzlies,2.13,1.75,91,101
z3MAVBOm,Orlando Magic,Milwaukee Bucks,4.99,1.19,99,121
YmuEUVwf,Washington Wizards,Phoenix Suns,3.11,1.39,128,107
bJE1Tp9o,Golden State Warriors,Toronto Raptors,2.19,1.72,106,105
nu5Yl0P8,Minnesota Timberwolves,San Antonio Spurs,2.52,1.56,96,88
8l6UktA2,Houston Rockets,Los Angeles Lakers,2.54,1.55,102,120
bJOwTI2k,Brooklyn Nets,Oklahoma City Thunder,1.3,3.66,116,129
trErSxIe,New York Knicks,Denver Nuggets,2.83,1.46,89,114
KSPZTbmq,Los Angeles Clippers,Chicago Bulls,1.12,6.79,130,127
lpw8YvuS,Detroit Pistons,Utah Jazz,4.08,1.26,86,96
Agv4ZKPL,Sacramento Kings,Portland Trail Blazers,2.72,1.5,99,125
SUlaz1AF,Dallas Mavericks,Orlando Magic,1.41,3.02,112,98
K4oixNu3,Milwaukee Bucks,Cleveland Cavaliers,1.25,4.22,100,90
ERpeyse9,Minnesota Timberwolves,San Antonio Spurs,2.36,1.63,122,125
Q540FaYk,Charlotte Hornets,Atlanta Hawks,2.64,1.52,113,105
4d34EJmd,Indiana Pacers,Phoenix Suns,1.68,2.27,117,125
tEnmw3Qd,Washington Wizards,Miami Heat,5.07,1.17,124,128
Wr5dGuJq,Philadelphia 76ers,Denver Nuggets,8.19,1.09,103,115
EROPL1eM,Golden State Warriors,Los Angeles Clippers,3.15,1.38,115,105
djEUKLAS,Los Angeles Lakers,Chicago Bulls,1.26,4.04,117,115
pGQJ41Wp,Sacramento Kings,Toronto Raptors,1.95,1.9,123,144
SAMDO3B3,Houston Rockets,Orlando Magic,1.35,3.33,132,90
61LHNNQ9,Memphis Grizzlies,Brooklyn Nets,1.96,1.88,115,110
zyQLMstG,Milwaukee Bucks,Utah Jazz,1.42,3.01,118,131
IuuN1t4j,Boston Celtics,Washington Wizards,1.6,2.44,116,107
pnX8Pqdc,New Orleans Pelicans,Charlotte Hornets,1.35,3.37,110,118
WrT4QPti,New York Knicks,Oklahoma City Thunder,1.66,2.29,89,101
vktJ2Mlp,Detroit Pistons,Phoenix Suns,3.63,1.31,110,105
GdOj9OBG,Denver Nuggets,Dallas Mavericks,1.71,2.2,117,124
AJNf8rRM,Los Angeles Lakers,San Antonio Spurs,1.24,4.24,109,118
lAMb72tT,Portland Trail Blazers,Minnesota Timberwolves,1.2,4.87,135,117
2gKnA4dA,Memphis Grizzlies,Cleveland Cavaliers,1.47,2.8,90,94
KUUsBps4,Brooklyn Nets,Philadelphia 76ers,2.56,1.56,122,109
C4RZC6Ci,Golden State Warriors,Los Angeles Clippers,2.78,1.47,101,108
tvWwCQRc,Sacramento Kings,Chicago Bulls,1.35,3.32,128,124
r7vh9sOT,Phoenix Suns,Toronto Raptors,1.66,2.28,123,115
Uu2k5fgo,Milwaukee Bucks,Detroit Pistons,1.12,6.54,130,115
YDSVDnco,New Orleans Pelicans,Oklahoma City Thunder,1.29,3.78,110,111
MZCFBdGH,Atlanta Hawks,Charlotte Hornets,1.42,2.96,94,102
0QBJAGVN,Miami Heat,Boston Celtics,1.7,2.21,105,107
fmBN9zoU,New York Knicks,Utah Jazz,3.59,1.31,112,100
WpK2EbWb,Indiana Pacers,Houston Rockets,1.7,2.22,114,107
Q7J6DIo5,Orlando Magic,Cleveland Cavaliers,1.48,2.74,105,94
4bIACx1B,Philadelphia 76ers,Washington Wizards,1.38,3.18,141,136
IsGbFvHh,Portland Trail Blazers,Chicago Bulls,1.22,4.53,108,111
zJQgGK1n,Los Angeles Clippers,San Antonio Spurs,1.32,3.51,113,116
dSRkH0nt,Denver Nuggets,Minnesota Timberwolves,1.16,5.68,123,116
WnFr93fJ,Memphis Grizzlies,Los Angeles Lakers,4.52,1.22,92,94
hdGvAquD,Brooklyn Nets,Utah Jazz,2.56,1.54,130,96
AXQZAPP6,Golden State Warriors,Sacramento Kings,2.02,1.83,137,106
OGONDRul,Houston Rockets,Dallas Mavericks,1.6,2.42,100,113
27NRCoef,Milwaukee Bucks,Detroit Pistons,1.05,11.38,125,115
dUMVB5A0,New Orleans Pelicans,Indiana Pacers,1.79,2.08,116,118
4WsiJmIQ,Atlanta Hawks,New York Knicks,1.33,3.42,108,113
6uUIE7Qs,Miami Heat,Oklahoma City Thunder,1.23,4.39,118,90
QVqmAN8N,Toronto Raptors,Boston Celtics,1.42,2.97,114,126
COPqL9mE,Orlando Magic,Cleveland Cavaliers,1.44,2.86,103,83
A9rmKT2K,Philadelphia 76ers,Charlotte Hornets,1.28,3.86,118,101
AJo1dQAD,Golden State Warriors,Portland Trail Blazers,2.64,1.52,137,122
2grgbnt1,Chicago Bulls,Dallas Mavericks,2.5,1.57,118,108
WSncc6e7,Phoenix Suns,Los Angeles Clippers,2.32,1.64,107,112
tvfp08Bl,Minnesota Timberwolves,Denver Nuggets,4.05,1.26,109,124
O2qkaSQf,San Antonio Spurs,Utah Jazz,2.83,1.45,109,130
Ae3E5UmR,Brooklyn Nets,Washington Wizards,1.31,3.58,122,123
Szjt1ldr,Memphis Grizzlies,Los Angeles Lakers,4.78,1.2,94,108
W44A6AYK,Detroit Pistons,Boston Celtics,3.84,1.28,120,122
jgmD7jJE,Atlanta Hawks,Cleveland Cavaliers,1.44,2.88,91,96
nuoqB3gH,New Orleans Pelicans,Toronto Raptors,1.96,1.87,120,116
pddNpTB1,Indiana Pacers,New York Knicks,1.22,4.51,102,106
ba0RqmR7,Orlando Magic,Oklahoma City Thunder,1.52,2.64,99,108
C2l98W38,Philadelphia 76ers,Charlotte Hornets,1.2,4.81,127,112
2X6Io9de,Houston Rockets,Sacramento Kings,2.0,1.91,102,94
Ot8Enksk,Golden State Warriors,Portland Trail Blazers,2.39,1.61,98,123
hbHrhBJR,Denver Nuggets,Phoenix Suns,1.62,2.37,103,106
f73AmVRr,Utah Jazz,Los Angeles Clippers,2.37,1.62,106,100
4xPVfDZ8,Milwaukee Bucks,Chicago Bulls,1.07,9.07,126,96
baOZgXlF,Minnesota Timberwolves,Washington Wizards,1.93,1.91,109,130
AZRwgi4L,San Antonio Spurs,Los Angeles Lakers,3.63,1.3,103,109
QoQRegK2,Brooklyn Nets,Atlanta Hawks,1.4,3.08,96,114
GGryZVCk,Charlotte Hornets,Memphis Grizzlies,1.54,2.59,93,108
lUtqX9s2,Dallas Mavericks,Miami Heat,2.06,1.81,93,83
AwruYkSe,Detroit Pistons,Boston Celtics,4.05,1.26,96,93
2DvXZBcq,Utah Jazz,Phoenix Suns,1.59,2.45,95,106
dW14vhkS,Oklahoma City Thunder,New Orleans Pelicans,2.84,1.45,80,113
hIouCqvB,Toronto Raptors,New York Knicks,1.27,3.97,100,83
Iu30uYZL,Houston Rockets,Sacramento Kings,1.47,2.81,122,119
O4lctEKF,Orlando Magic,Philadelphia 76ers,2.42,1.6,92,116
pEkgsf59,Washington Wizards,Chicago Bulls,1.34,3.4,130,133
2k0lrzj3,Indiana Pacers,Cleveland Cavaliers,1.3,3.64,119,99
lndpqGzc,Los Angeles Clippers,Portland Trail Blazers,1.43,2.96,128,105
dh9bLCrj,Dallas Mavericks,Charlotte Hornets,1.28,3.87,99,118
zq82KWcd,San Antonio Spurs,Los Angeles Lakers,3.49,1.33,107,121
8UiMv1qB,Boston Celtics,Memphis Grizzlies,1.33,3.44,126,107
2iiQwLbH,Brooklyn Nets,Atlanta Hawks,1.43,2.95,145,141
vHEgMhTq,Miami Heat,Milwaukee Bucks,3.15,1.38,119,108
EVbDtNEb,Los Angeles Clippers,Minnesota Timberwolves,1.17,5.36,124,101
zu09s3ah,Phoenix Suns,New Orleans Pelicans,1.78,2.1,111,86
dflIusU4,Sacramento Kings,Denver Nuggets,1.9,1.95,125,115
65e5rqpn,Oklahoma City Thunder,Orlando Magic,3.14,1.39,107,118
SEd1qPUu,Miami Heat,Milwaukee Bucks,2.99,1.42,97,144
GzTrRsFB,Cleveland Cavaliers,New York Knicks,1.64,2.35,86,95
fRRnQ1UH,Detroit Pistons,Golden State Warriors,2.5,1.57,106,116
llRjPLqO,Indiana Pacers,Boston Celtics,1.84,2.01,111,116
vFsyDPO4,Philadelphia 76ers,Toronto Raptors,1.84,2.01,100,93
2iVfOuaU,Washington Wizards,Chicago Bulls,1.4,3.08,107,115
zPBoSNa5,Los Angeles Lakers,Portland Trail Blazers,1.42,3.0,107,115
dYCsT3pa,Denver Nuggets,Houston Rockets,1.38,3.15,124,111
2BDwUqVh,Oklahoma City Thunder,Utah Jazz,4.18,1.24,109,110
6qKUV50t,Atlanta Hawks,Detroit Pistons,1.19,4.92,128,120
l89ZUPFn,Brooklyn Nets,Memphis Grizzlies,2.13,1.75,111,116
4zY2znhP,Los Angeles Lakers,Minnesota Timberwolves,1.19,4.96,127,91
GKvLB2FO,Sacramento Kings,Phoenix Suns,2.31,1.65,100,116
xUuHCr0I,Chicago Bulls,Golden State Warriors,2.4,1.61,128,129
f5jCDOpC,Indiana Pacers,Boston Celtics,2.23,1.69,108,107
2cY4FpGa,Cleveland Cavaliers,Philadelphia 76ers,3.11,1.39,118,94
dKX8E4V5,New York Knicks,Milwaukee Bucks,7.66,1.1,130,110
SvthInWt,Charlotte Hornets,Brooklyn Nets,5.59,1.16,106,104
O6Z0GQ0g,New Orleans Pelicans,San Antonio Spurs,1.49,2.71,98,95
6VvdH6om,Washington Wizards,Orlando Magic,2.08,1.79,113,120
AagQMSNP,Los Angeles Clippers,Dallas Mavericks,1.65,2.32,73,124
fiBwaPVI,Portland Trail Blazers,Houston Rockets,1.31,3.62,128,126
ddkMN88J,Sacramento Kings,Phoenix Suns,2.35,1.63,106,103
G0CZa5GC,Utah Jazz,Minnesota Timberwolves,1.23,4.41,111,116
djhWD59b,San Antonio Spurs,Toronto Raptors,2.17,1.73,119,114
8zDV0o16,Chicago Bulls,Indiana Pacers,2.96,1.43,106,125
UqER1Ro0,New York Knicks,Philadelphia 76ers,3.98,1.26,89,109
veLE4T1s,Charlotte Hornets,Oklahoma City Thunder,1.69,2.23,107,109
YHKI3mHm,Detroit Pistons,Cleveland Cavaliers,1.88,1.97,119,128
nLOM27Wg,Washington Wizards,Orlando Magic,1.78,2.09,120,130
xnZn99gQ,Memphis Grizzlies,Atlanta Hawks,1.71,2.19,112,122
juIh7Hyh,Denver Nuggets,Los Angeles Clippers,2.42,1.6,108,121
xxEl8cMo,Los Angeles Lakers,Dallas Mavericks,1.37,3.22,138,115
OYP6qEqo,Boston Celtics,Brooklyn Nets,2.3,1.66,95,123
MPwulfyU,Milwaukee Bucks,Golden State Warriors,1.18,5.15,138,99
4lqzkzMN,Miami Heat,New Orleans Pelicans,1.67,2.28,111,98
QcpWkG6H,Phoenix Suns,Dallas Mavericks,1.84,2.01,106,102
KAvrAkvK,Portland Trail Blazers,Utah Jazz,2.05,1.81,100,120
tKuvBVOD,Denver Nuggets,Sacramento Kings,1.31,3.58,122,124
fRaqkl2f,Chicago Bulls,Atlanta Hawks,2.06,1.8,104,124
GtlhmSW6,Memphis Grizzlies,San Antonio Spurs,1.77,2.09,119,131
SGidnnnD,Minnesota Timberwolves,Detroit Pistons,1.47,2.79,111,101
WzoSjdiB,Boston Celtics,Milwaukee Bucks,2.59,1.54,122,121
IagSEofh,Toronto Raptors,New Orleans Pelicans,1.6,2.42,99,113
h0v39Im9,Cleveland Cavaliers,Charlotte Hornets,2.29,1.66,121,114
63r78x3F,Indiana Pacers,New York Knicks,1.31,3.62,121,107
n1dyiAXs,Orlando Magic,Miami Heat,2.66,1.51,113,107
QieujUnl,Philadelphia 76ers,Washington Wizards,1.33,3.47,113,107
K0sOixx5,Los Angeles Lakers,Los Angeles Clippers,1.74,2.16,109,116
xxhJhIMb,Brooklyn Nets,Golden State Warriors,1.31,3.61,125,99
